流水线开始，窗口终点 PIPELINE_NOW = 2026-07-30T11:02:32，窗口起点 = 2026-07-29T11:02:32

===== [采集-微博通用] collect_weibo.py =====
cookies count: 10
tid
WEIBOCN_FROM
SVB
SUB
SUBP
MLOGIN
_T_WM
XSRF-TOKEN
mweibo_short_token
M_WEIBOCN_PARAMS
腾讯视频 卡顿 status= 200 len= 98022
腾讯视频 闪退 status= 200 len= 87533
腾讯视频 崩了 status= 200 len= 85821
腾讯视频 崩溃 status= 200 len= 105788
腾讯视频 黑屏 status= 200 len= 110714
腾讯视频 白屏 status= 200 len= 77627
腾讯视频 花屏 status= 200 len= 79179
腾讯视频 绿屏 status= 200 len= 72959
腾讯视频 无法播放 status= 200 len= 86607
腾讯视频 看不了 status= 200 len= 98220
腾讯视频 加载不出来 status= 200 len= 66700
腾讯视频 缓冲 status= 200 len= 98863
腾讯视频 打不开 status= 200 len= 76691
腾讯视频 点不开 status= 200 len= 97144
腾讯视频 没声音 status= 200 len= 87685
腾讯视频 音画不同步 status= 200 len= 72950
腾讯视频 报错 status= 200 len= 99067
腾讯视频 错误 status= 200 len= 77892
腾讯视频 异常 status= 200 len= 118651
腾讯视频 闪屏 status= 200 len= 128547
腾讯视频 死机 status= 200 len= 77319
腾讯视频 无法登录 status= 200 len= 87127
腾讯视频 登录不上 status= 200 len= 87752
腾讯视频 登录过期 status= 200 len= 110630
腾讯视频 一直转圈 status= 200 len= 100275
腾讯视频 卡住 status= 200 len= 57139
腾讯视频 失效 status= 200 len= 109012
腾讯视频 无响应 status= 200 len= 58242
腾讯视频 自动退出 status= 200 len= 116397
腾讯视频 强制退出 status= 200 len= 83663
腾讯视频 无法打开 status= 200 len= 92437
腾讯视频 投屏 status= 200 len= 89098
腾讯视频 搜索不到 status= 200 len= 108985
腾讯视频 超时 status= 200 len= 78853
腾讯视频 无法使用 status= 200 len= 104229
腾讯视频 会员 status= 200 len= 104254
腾讯视频 SVIP status= 200 len= 119683
腾讯视频 VIP status= 200 len= 81703
腾讯视频 自动续费 status= 200 len= 93658
腾讯视频 退款 status= 200 len= 87424
腾讯视频 扣费 status= 200 len= 77276
腾讯视频 乱扣款 status= 200 len= 84834
腾讯视频 重复扣费 status= 200 len= 69041
腾讯视频 未到账 status= 200 len= 84774
腾讯视频 会员权益 status= 200 len= 77337
腾讯视频 权益不生效 status= 200 len= 17213
腾讯视频 超前点播 status= 200 len= 88144
腾讯视频 套娃收费 status= 200 len= 88793
腾讯视频 会员涨价 status= 200 len= 82330
腾讯视频 云包场 status= 200 len= 83616
腾讯视频 礼品卡 status= 200 len= 101295
腾讯视频 广告 status= 200 len= 97748
腾讯视频 弹窗 status= 200 len= 101204
腾讯视频 多端权益 status= 200 len= 56607
腾讯视频 无法观看 status= 200 len= 93942
腾讯视频 付费内容 status= 200 len= 71291
腾讯视频 投诉 status= 200 len= 96660
腾讯视频 黑猫投诉 status= 200 len= 108738
腾讯视频 举报 status= 200 len= 97677
腾讯视频 维权 status= 200 len= 98009
腾讯视频 差评 status= 200 len= 127729
腾讯视频 数据造假 status= 200 len= 78453
腾讯视频 处罚 status= 200 len= 91811
腾讯视频 罚款 status= 200 len= 77924
腾讯视频 315 status= 200 len= 84091
腾讯视频 消费者协会 status= 200 len= 90610
腾讯视频 律师函 status= 200 len= 77077
腾讯视频 诈骗 status= 200 len= 92889
腾讯视频 骗钱 status= 200 len= 86323
腾讯视频 跑路 status= 200 len= 153430
腾讯视频 停播 status= 200 len= 134908
腾讯视频 客服 status= 200 len= 68337
腾讯视频 监管 status= 200 len= 85670
腾讯视频 通报 status= 200 len= 92464
腾讯视频 曝光 status= 200 len= 102257
腾讯视频 热搜 status= 200 len= 89208
腾讯视频 好看 status= 200 len= 99896
腾讯视频 推荐 status= 200 len= 77038
腾讯视频 值得看 status= 200 len= 103316
腾讯视频 封神 status= 200 len= 106233
腾讯视频 良心剧 status= 200 len= 108587
腾讯视频 好评 status= 200 len= 118137
腾讯视频 必看 status= 200 len= 108546
腾讯视频 强推 status= 200 len= 110807
腾讯视频 宝藏 status= 200 len= 125918
腾讯视频 精彩 status= 200 len= 125088
腾讯视频 满意 status= 200 len= 100763
腾讯视频 流畅 status= 200 len= 106953
腾讯视频 更新 status= 200 len= 117965
腾讯视频 定档 status= 200 len= 93028
腾讯视频 开播 status= 200 len= 121745
腾讯视频 预告 status= 200 len= 111953
腾讯视频 阵容 status= 200 len= 126731
腾讯视频 官宣 status= 200 len= 143236
腾讯视频 独播 status= 200 len= 113263
腾讯视频 片单 status= 200 len= 139436
腾讯视频 热度 status= 200 len= 113277
腾讯视频 获奖 status= 200 len= 95574
done
[OK] 采集-微博通用 (returncode=0)

===== [采集-微博剧综] collect_weibo_content.py =====

一饭封神 抠图 status= 200 len= 15575
哆来咪哪里咪 差评 status= 200 len= 16875
哆来咪哪里咪 一星 status= 200 len= 16667
哆来咪哪里咪 弃剧 status= 200 len= 16667
哆来咪哪里咪 抠图 status= 200 len= 16683
我是剧星 差评 status= 200 len= 15815
我是剧星 一星 status= 200 len= 15751
我是剧星 弃剧 status= 200 len= 34393
我是剧星 抠图 status= 200 len= 15703
心动的信号 差评 status= 200 len= 84792
心动的信号 一星 status= 200 len= 87420
心动的信号 弃剧 status= 200 len= 78004
心动的信号 抠图 status= 200 len= 105330
半熟恋人 差评 status= 200 len= 93103
半熟恋人 一星 status= 200 len= 62144
半熟恋人 弃剧 status= 200 len= 71463
半熟恋人 抠图 status= 200 len= 15591
腾讯视频 剧 塌房 status= 200 len= 99479
腾讯视频 剧 数据造假 status= 200 len= 93640
腾讯视频 剧 抠图 status= 200 len= 99604
腾讯视频 综艺 尴尬 status= 200 len= 87387
腾讯视频 短剧 骂 status= 200 len= 107181
腾讯视频 断更 status= 200 len= 106232
腾讯视频 独播 差评 status= 200 len= 56041
腾讯视频 剧 下架 status= 200 len= 130468
醉梦 好看 status= 200 len= 126085
醉梦 推荐 status= 200 len= 104974
醉梦 值得看 status= 200 len= 46565
醉梦 封神 status= 200 len= 90053
醉梦 好评 status= 200 len= 124285
这一秒过火 好看 status= 200 len= 84622
这一秒过火 推荐 status= 200 len= 77373
这一秒过火 值得看 status= 200 len= 94812
这一秒过火 封神 status= 200 len= 125508
这一秒过火 好评 status= 200 len= 97856
京城奇探 好看 status= 200 len= 91634
京城奇探 推荐 status= 200 len= 96001
京城奇探 值得看 status= 200 len= 26443
京城奇探 封神 status= 200 len= 142164
京城奇探 好评 status= 200 len= 90378
兵自风中来 好看 status= 200 len= 115336
兵自风中来 推荐 status= 200 len= 90570
兵自风中来 值得看 status= 200 len= 47936
兵自风中来 封神 status= 200 len= 105856
兵自风中来 好评 status= 200 len= 94562
百花杀 好看 status= 200 len= 94498
百花杀 推荐 status= 200 len= 85720
百花杀 值得看 status= 200 len= 87273
百花杀 封神 status= 200 len= 106236
百花杀 好评 status= 200 len= 109468
藏锋 好看 status= 200 len= 108274
藏锋 推荐 status= 200 len= 98399
藏锋 值得看 status= 200 len= 151648
藏锋 封神 status= 200 len= 99247
藏锋 好评 status= 200 len= 98388
脱口秀和Ta的朋友们 好看 status= 200 len= 104645
脱口秀和Ta的朋友们 推荐 status= 200 len= 100029
脱口秀和Ta的朋友们 值得看 status= 200 len= 117537
脱口秀和Ta的朋友们 封神 status= 200 len= 108520
脱口秀和Ta的朋友们 好评 status= 200 len= 121961
主咖 好看 status= 200 len= 94655
主咖 推荐 status= 200 len= 88359
主咖 值得看 status= 200 len= 81509
主咖 封神 status= 200 len= 105651
主咖 好评 status= 200 len= 175399
现在就出发 好看 status= 200 len= 102234
现在就出发 推荐 status= 200 len= 88023
现在就出发 值得看 status= 200 len= 82099
现在就出发 封神 status= 200 len= 88422
现在就出发 好评 status= 200 len= 109575
哈哈哈哈哈 好看 status= 200 len= 87731
哈哈哈哈哈 推荐 status= 200 len= 99205
哈哈哈哈哈 值得看 status= 200 len= 91766
哈哈哈哈哈 封神 status= 200 len= 112406
哈哈哈哈哈 好评 status= 200 len= 91710
醉梦 更新 status= 200 len= 158587
醉梦 定档 status= 200 len= 95010
醉梦 开播 status= 200 len= 122620
醉梦 预告 status= 200 len= 110183
醉梦 阵容 status= 200 len= 99236
这一秒过火 更新 status= 200 len= 94347
这一秒过火 定档 status= 200 len= 122996
这一秒过火 开播 status= 200 len= 103058
这一秒过火 预告 status= 200 len= 104008
这一秒过火 阵容 status= 200 len= 121565
京城奇探 更新 status= 200 len= 85382
京城奇探 定档 status= 200 len= 95307
京城奇探 开播 status= 200 len= 111021
京城奇探 预告 status= 200 len= 80923
京城奇探 阵容 status= 200 len= 109296
兵自风中来 更新 status= 200 len= 69714
兵自风中来 定档 status= 200 len= 96539
兵自风中来 开播 status= 200 len= 133539
兵自风中来 预告 status= 200 len= 81576
兵自风中来 阵容 status= 200 len= 92894
百花杀 更新 status= 200 len= 99195
百花杀 定档 status= 200 len= 98631
百花杀 开播 status= 200 len= 112562
百花杀 预告 status= 200 len= 108133
百花杀 阵容 status= 200 len= 87061
藏锋 更新 status= 200 len= 113366
藏锋 定档 status= 200 len= 101461
藏锋 开播 status= 200 len= 108558
藏锋 预告 status= 200 len= 90665
藏锋 阵容 status= 200 len= 99345
脱口秀和Ta的朋友们 更新 status= 200 len= 83195
脱口秀和Ta的朋友们 定档 status= 200 len= 101335
脱口秀和Ta的朋友们 开播 status= 200 len= 91763
脱口秀和Ta的朋友们 预告 status= 200 len= 104320
脱口秀和Ta的朋友们 阵容 status= 200 len= 87535
主咖 更新 status= 200 len= 112172
主咖 定档 status= 200 len= 105105
主咖 开播 status= 200 len= 93242
主咖 预告 status= 200 len= 98126
主咖 阵容 status= 200 len= 81943
现在就出发 更新 status= 200 len= 104092
现在就出发 定档 status= 200 len= 94776
现在就出发 开播 status= 200 len= 98962
现在就出发 预告 status= 200 len= 98148
现在就出发 阵容 status= 200 len= 109518
哈哈哈哈哈 更新 status= 200 len= 121757
哈哈哈哈哈 定档 status= 200 len= 92401
哈哈哈哈哈 开播 status= 200 len= 135519
哈哈哈哈哈 预告 status= 200 len= 92408
哈哈哈哈哈 阵容 status= 200 len= 112322
done
[OK] 采集-微博剧综 (returncode=0)

===== [解析-微博通用] parse_weibo.py =====
Total unique posts: 806
In 24h window: 212
Out of window / unknown time: 594
saved.
[OK] 解析-微博通用 (returncode=0)

===== [解析-微博剧综] parse_weibo_content.py =====
源铺网文每日推文热门小说推荐好看的小说推荐我们都是小说控各种小
2026-07-29T12:20:45 | 是爱一颗蔡 | 兵自风中来其实很好看可能演员阵容基本都是我所熟悉的，然后军旅剧也是我爱看的 
2026-07-29T12:18:18 | 夏尔的小狗 | 刘诗诗#刘诗诗醉梦# 啊啊啊啊啊啊被爱了好幸福，全平台更新版呜呜呜#刘诗诗沈乐水# #刘诗诗粉紫色短发# @刘诗诗
2026-07-29T12:16:48 | 橘柚一一 | #将门独后#重生复仇+双强权谋也太带感了！沈妙步步为营翻覆命运，谢景行表面纨绔内里藏锋，对手戏张力直接拉满🍜 已经囤好泡面坐等开播，就着热乎面看爽文剧情照进荧幕
2026-07-29T12:15:39 | 路人甲pd_ | 本来是无意间点开的，在此之前对男女主演是几乎不认识的状态，前20分钟甚至差点弃剧。但，好的剧集就是有这种魔力呀，无论是主创还是演员们，这一路都极致展现了用心和真
2026-07-29T12:11:48 | 火山姐2024 | 扒一扒@现在就出发 这个综艺搭建最初的人物关系：1号人物且核心是沈腾，与制作团队多年的交情；2）唯一女嘉宾金晨，众多人物的关系纽带，与沈腾和制作团队因花样姐姐结
2026-07-29T12:09:41 | 雪·怜君 | 孔雪儿 姐姐姐姐将门毒后大概什么时候定档啊？我真的很想看。就是当时那个百花杀出来的时候，那个定王妃真的。一整个给我惊到了。人设真的很爽，对。@孔雪儿 
2026-07-29T12:08:43 | 鹿少my宜昌桃子美甲 | 昨天2026.7.28刷白鹿视频叫我们来看郭子健(兵自风中来)！花街六子望和主演，还有丁勇岱、二牛和很多王牌部队特种兵的老演员们参与简直演技大赏，更有黄景瑜后期
2026-07-29T12:08:12 | 娱圈小酱 | 1.王玉雯接下来有薇尔卫生巾的商务等待官宣，物料已拍。2.鞠婧祎、张云龙主演的《来战》暂定8月中下旬开播。3.综艺《现在就出发4》常驻嘉宾：沈腾、白敬亭、黄景瑜
2026-07-29T12:06:41 | 林深时见鹿与溪 | 孟子义何与的百花杀，真是把人看伤了。没有剧情逻辑没有场景铺垫没有前因后果，就靠男女主不停地吧啦吧啦吧啦，口述完一部剧。他是一个什么样的人，吧啦，他因为什么，吧啦
2026-07-29T12:05:24 | 深夜追剧发电站 | 京城奇探 更至第1~36集资源 4K臻享 
2026-07-29T12:05:11 | 影片热映中 | 1.孟子义正式转正常驻《你好星期六》，告别飞行嘉宾身份。她刚结束另一档户外综艺录制，火速敲定新档期。2.丁禹兮、邓恩熙《花开锦绣》🐧预计8.8号播出3.白敬亭和
2026-07-29T12:04:27 | 橘子皮不祛火 | 京城奇探巨好看！ 橘子皮不祛火的微博视频 
2026-07-29T12:02:23 | 小猫爱吃桃0 | 侯明昊#侯明昊雀骨收官发文##雀骨#✂️ #侯明昊雀骨# |#侯明昊萧无衣# | #侯明昊属于我们的巡回演唱会# ｜独学学不如众学学大家一起來試試吧@侯明昊本集
2026-07-29T12:00:13 | 钓妹专家 | 林一真的先天综艺圣体，没有一次是不笑的范丞丞 宋亚轩 沈腾 王安宇 金晨 胡先煦  白敬亭 黄景瑜现在就出发｜搞笑幽默视频｜综艺推荐｜娱乐 钓妹专家的微博视频 
2026-07-29T11:59:45 | 成都商报旅游 | 【投票：近期热播剧你推荐哪一部？】#近期热播剧清单来了#！军旅、古装、悬疑……你推荐哪一部？@张凌赫z @-王楚然- 《这一秒过火》@何与 @孟子义 《百花杀》
2026-07-29T11:57:53 | 成都商报 | 【投票：近期热播剧你推荐哪一部？】#近期热播剧清单来了#！军旅、古装、悬疑……你推荐哪一部？@张凌赫z @-王楚然- 《这一秒过火》@何与 @孟子义 《百花杀》
2026-07-29T11:57:00 | 高守 | 《将门独后》这次杀青官宣，把孔雪儿和郑合惠子一起放进“特别出演”名单，确实很会吊人胃口。毕竟沈家姐妹这条线，本来就不是随便塞两个女配凑阵容。一个沈玥，一个沈冬菱
2026-07-29T11:49:02 | 苏幕遮只手遮天 | 侯明昊#侯明昊属于我们的巡回演唱会##侯明昊雀骨收官发文##候明昊# 我方煮娱剧集被大量恶意一星团建，请全体猕猴桃速速去煮娱，守护哥【所有】的剧，【五星】走起！
2026-07-29T11:48:03 | 苏幕遮只手遮天 | 侯明昊#侯明昊雀骨萧无衣##侯明昊属于我们的巡回演唱会##候明昊# 我方煮娱剧集被大量恶意一星团建，请全体猕猴桃速速去煮娱，守护哥【所有】的剧，【五星】走起！！
2026-07-29T11:42:45 | 星艺零零七 | 暂别将门沈妙珍藏这段两世沉浮的演绎时光收敛锋芒静待剧集与观众相逢孟子义用心刻画独一份重生黑莲花风骨#微博二创视频创作季##孟子义暂别沈妙# 星艺零零七的微博视频
2026-07-29T11:32:38 | 小懒懒杂货铺 | #快团团好物推荐##现在就出发##种地吧# 
2026-07-29T11:31:01 | 娱乐头条馆 | 我真心恳求，有谁能get到这份感动？剧情精彩绝伦，却连弹幕都寥寥无几😶🌫️ #京城奇探# #翟子路# #马思超# 娱乐头条馆的微博视频 
2026-07-29T11:30:04 | 8090经典游戏合集 | 拜托各位了，谁能get到我的点？超赞但弹幕稀少得像雾中独行😶🌫️ #京城奇探# #翟子路# #马思超# 8090经典游戏合集的微博视频 
2026-07-29T11:20:28 | 任少白的爱人 | 我投给了“肖战《莫得闲》”~
2026-07-29T11:19:26 | 兔食 | #张凌赫这段放在整个婚礼届都是炸裂的# 一、事件概况 民国虐恋剧《这一秒过火》放出重磅婚礼名场面片段迅速引爆热搜。张凌赫饰演慕容清峄，苦苦牵挂的心上人任素素（王
2026-07-29T11:19:14 | 要七颗西柚 | #黄景瑜新造型堪比熹妃回宫#海岛老钱风造型适配度满分，发型清爽，穿搭简约出彩。黄景瑜的状态一直在线，已经搬好小板凳等待综艺开播。#现在就出发# 要七颗西柚的微博
2026-07-29T11:14:23 | kiku洧川祎 | #黄景瑜新造型堪比熹妃回宫#谁能躲过黄景瑜这套海岛穿搭，随性慵懒又自带矜贵气质。造型十分耐看，一举一动氛围感十足，已经迫不及待等着综艺开播。#现在就出发# 
2026-07-29T11:11:33 | 青稚视频 | #黄景瑜红发美式前刺# ！！#黄景瑜好chill的一身# 绝啦！！！！！鱼鱼你烧烧滴黄景瑜_小虎牙的微博视频 
2026-07-29T11:09:45 | 云瀑新闻 | #黄景瑜掌管美式前刺的神来了##黄景瑜美式前刺梦回早期#谁被黄景瑜美式前刺狠狠惊艳，经典发型重现，氛围感直接拉满，自带少年锐气与成熟魅力，海岛录制状态绝佳，坐等
2026-07-29T11:08:42 | 绾绾爱灵儿 | 。//@婉婠绾:完美世界动漫运营带头在500人大群里面褥女，造女性黄色💊言！不把女性当人看！必须下架，完美世界活着都是浪费资源，不尊重女性的动漫没有必要播，快点
2026-07-29T11:08:39 | 绾绾爱灵儿 | ，//@婉婠绾:完美世界动漫运营带头在500人大群里面褥女，造女性黄色💊言！不把女性当人看！必须下架，完美世界活着都是浪费资源，不尊重女性的动漫没有必要播，快点
2026-07-29T11:07:39 | 小仙女温柔 | 。//@婉婠绾:完美世界动漫运营带头在500人大群里面褥女，造女性黄色💊言！不把女性当人看！必须下架，完美世界活着都是浪费资源，不尊重女性的动漫没有必要播，快点
2026-07-29T11:07:36 | 小仙女温柔 | ，//@婉婠绾:完美世界动漫运营带头在500人大群里面褥女，造女性黄色💊言！不把女性当人看！必须下架，完美世界活着都是浪费资源，不尊重女性的动漫没有必要播，快点
2026-07-29T11:07:33 | 小仙女温柔 | 。//@婉婠绾:完美世界动漫运营带头在500人大群里面褥女，造女性黄色💊言！不把女性当人看！必须下架，完美世界活着都是浪费资源，不尊重女性的动漫没有必要播，快点
2026-07-29T11:07:29 | 小仙女温柔 | ，//@婉婠绾:完美世界动漫运营带头在500人大群里面褥女，造女性黄色💊言！不把女性当人看！必须下架，完美世界活着都是浪费资源，不尊重女性的动漫没有必要播，快点
2026-07-29T11:07:26 | 小仙女温柔 | 。//@婉婠绾:完美世界动漫运营带头在500人大群里面褥女，造女性黄色💊言！不把女性当人看！必须下架，完美世界活着都是浪费资源，不尊重女性的动漫没有必要播，快点
2026-07-29T11:07:23 | 小仙女温柔 | ，//@婉婠绾:完美世界动漫运营带头在500人大群里面褥女，造女性黄色💊言！不把女性当人看！必须下架，完美世界活着都是浪费资源，不尊重女性的动漫没有必要播，快点
2026-07-29T11:06:56 | 倒带沙漏0505 | #百花奖喊你来现场观礼##来百花奖晒出我的光影记忆#  大年初一，电影院约会《镖人》燕子娘 李云霄饰演的燕子娘是戏曲演员跨界影视的范本级表演，她用水袖功底、独特
2026-07-29T11:03:41 | 酱娱 | 别说老，这群演员凑在一起，直接是内娱军旅天花板顶配！#一分钟精选视频扶持计划##暑假刷到宝了##微博二创视频创作季# 酱娱的微博视频 
[OK] 解析-微博剧综 (returncode=0)

===== [采集-豆瓣] collect_douban.py =====
s://www.douban.com/group/751531/
   https://www.douban.com/group/376291/
   https://www.douban.com/group/620074/
   https://www.douban.com/group/345975/
   https://www.douban.com/group/763514/
   https://www.douban.com/group/661890/
   https://www.douban.com/group/752208/
   https://www.douban.com/group/751840/
   https://www.douban.com/group/508496/
   https://www.douban.com/group/739606/
   https://www.douban.com/group/642171/
   https://www.douban.com/group/740196/
   https://www.douban.com/group/738830/
   https://www.douban.com/group/710081/
   https://www.douban.com/group/343650/
   https://www.douban.com/group/199976/
   https://www.douban.com/group/187233/
   https://www.douban.com/group/682411/
   https://www.douban.com/group/589918/
   https://www.douban.com/group/738147/
   https://www.douban.com/group/683581/
   https://www.douban.com/group/707727/
   https://www.douban.com/group/752294/
   https://www.douban.com/group/762693/
   https://www.douban.com/group/759143/
   https://www.douban.com/group/685857/
   https://www.douban.com/group/754805/
   https://www.douban.com/group/688233/
   https://www.douban.com/group/635121/
   https://www.douban.com/group/520492/
   https://www.douban.com/group/699073/
   https://www.douban.com/group/303333/
   https://www.douban.com/group/763186/
   https://www.douban.com/group/554165/
   https://www.douban.com/group/763479/
   https://www.douban.com/group/124748/
   https://www.douban.com/group/644798/
[https://www.douban.com/group/703147/] 讨论帖 1 条 -> 负面候选 1
[https://www.douban.com/group/498940/] 讨论帖 4 条 -> 负面候选 0
[https://www.douban.com/group/746835/] 讨论帖 55 条 -> 负面候选 5
[https://www.douban.com/group/667558/] 讨论帖 49 条 -> 负面候选 5
[https://www.douban.com/group/685462/] 讨论帖 2 条 -> 负面候选 0
[https://www.douban.com/group/638298/] 讨论帖 62 条 -> 负面候选 4
[https://www.douban.com/group/609910/] 讨论帖 1 条 -> 负面候选 0
[https://www.douban.com/group/612746/] 讨论帖 55 条 -> 负面候选 22
[https://www.douban.com/group/479483/] 讨论帖 1 条 -> 负面候选 0
[https://www.douban.com/group/751531/] 讨论帖 54 条 -> 负面候选 6
[https://www.douban.com/group/376291/] 讨论帖 45 条 -> 负面候选 3
[https://www.douban.com/group/620074/] 讨论帖 8 条 -> 负面候选 0
核实 单依纯粉丝向工作室维权票价问题 | time=2026-03-24T10:42:50
核实 S3E2｜这期荒岛人气王感觉不错啊 | time=2026-07-12T12:35:42
核实 看大王洞有感…我以为我喜欢的是脱口秀，原来我喜欢 | time=2026-07-29T10:54:56
核实 脱口秀和Ta的朋友们 第三季｜喜欢王大刀、大国手 | time=2026-07-21T20:03:40
核实 没人吐槽贾浩吗？ | time=2025-07-17T08:52:50
核实 脱口秀和Ta的朋友们 第三季｜粽子打段子真的很棒 | time=2026-07-03T23:31:03
核实 我想吐槽下节目彩排时那个音响，还有部分工作人员 | time=2019-09-09T15:58:40
核实 你们最喜欢昨晚哪首歌？ | time=2019-09-09T19:50:42
核实 现场舞台感觉不错呀 | time=2019-09-07T21:15:25
核实 丞星姐姐太给力了吧 | time=2019-09-03T18:15:32
核实 蹲一个mxh女孩的安利 | time=2019-09-01T20:45:03
核实 组务|专楼｜举报专帖，一起共同维护哈组净土！ | time=2020-01-17T22:31:12
核实 组务|专楼｜哈组5.0组规！哈组进组、发帖前必看 | time=2021-08-25T11:42:37
核实 组务|专楼｜【抽奖】哈组组规重大更新：禁止所有聊 | time=2022-09-01T22:31:57
核实 组务|专楼｜更新：禁止发布有关2020肺炎相关笑 | time=2020-01-22T00:51:36
核实 腾讯svip会员，一个月9r | time=2026-03-13T13:52:59
核实 腾讯会员，一个月6r | time=2026-02-03T14:19:28
核实 腾讯aqy优酷芒果会员 | time=2026-01-30T15:07:51
核实 优酷会员SVIP互换腾讯视频会员 | time=2026-01-20T22:58:49
核实 腾讯视频svip年卡 | time=2025-04-01T20:19:57
核实 优酷SVIP会员互换腾讯视频会员！ | time=2025-11-23T11:11:11
核实 腾讯视频会员年卡vip | time=2025-10-20T09:25:39
核实 ➗腾讯svip | time=2025-10-14T16:52:14
核实 芒果tv plus会员或者优酷svip换腾视sv | time=2025-08-09T20:52:49
核实 腾讯会员🥬 | time=2025-07-31T18:22:36
核实 芒果会员换一个月优酷会员 | time=2025-07-14T13:16:24
核实 月卡VIP，6r | time=2025-07-10T12:19:12
核实 袋抢，月卡vip，只需，8r | time=2025-07-02T18:24:27
核实 腾讯视频VIP年卡，只需80元 | time=2019-11-12T21:51:06
核实 腾讯视频会员永久，需要的找我 | time=2020-04-06T13:31:03
核实 有换会员的吗 | time=2025-05-13T20:09:19
核实 我用爱奇艺会员换腾讯视频会员 | time=2025-03-23T16:42:19
核实 腾讯会员五元一一个月 | time=2024-12-28T22:34:45
核实 腾讯视频活动，普通会员4r，svip8r,腾讯官 | time=2024-09-02T15:29:37
核实 优酷，爱奇艺换腾讯会员 | time=2025-01-13T17:24:26
核实 腾讯会员5r | time=2024-09-02T11:33:07
核实 腾讯，优酷会员，5元一个月 | time=2024-11-11T21:18:11
核实 醉梦预告台词整理 | time=2026-06-20T18:01:21
核实 看完最新预告了，体感 | time=2025-10-27T16:43:39
核实 醉梦第一版预告不错 | time=2025-06-23T21:41:19
total douban candidates: 40
[OK] 采集-豆瓣 (returncode=0)

===== [解析-豆瓣] parse_douban.py =====
豆瓣窗口过滤: 原始 40 条 -> 窗口内 1 条 (窗口 2026-07-23 11:02 ~ 2026-07-30 11:02)
[OK] 解析-豆瓣 (returncode=0)

===== [采集-黑猫] collect_heimao.py =====
fa2ddf936f9af1a3418ce9a
2026-07-29 | 腾讯视频没通知自动续费 | https://tousu.sina.com.cn/complaint/view/17400310876/?sld=b0b57d8a915c49b1f75fbb1565d68ce3
2026-07-29 | 腾讯视频 | https://tousu.sina.com.cn/complaint/view/17400312112/?sld=bbce3344035ca39eab9b2203211bc298
2026-07-29 | 退款 | https://tousu.sina.com.cn/complaint/view/17400126530/?sld=d361a607ee9383161dde0873f0f0d9fc
2026-07-29 | 腾讯视频 | https://tousu.sina.com.cn/complaint/view/17400308498/?sld=869345e75b68ea7a3c99e401257596e0
2026-07-29 | 腾讯视频会员胡乱收费，欺诈消费者 | https://tousu.sina.com.cn/complaint/view/17400303796/?sld=69fb8b95ff3a7dbb117728859b3c5da9
2026-07-29 | 腾讯视频 | https://tousu.sina.com.cn/complaint/view/17400300183/?sld=44b537be1431e0cc98a6bab19df23357
2026-07-29 | 腾讯视频莫名扣费，学生伙食费被“偷”，这咋回事？ | https://tousu.sina.com.cn/complaint/view/17400300111/?sld=886ebe51cd11afe94bee4a711a4769ff
2026-07-29 | 就是相互理解吧 | https://tousu.sina.com.cn/complaint/view/17400298193/?sld=326b44847d7c28aa4378a5b6e02f5124
2026-07-29 | 1. 腾讯视频自动续费未显著提醒，申请退款遭拒绝 | https://tousu.sina.com.cn/complaint/view/17400295942/?sld=aebab53e4817085ab6f9801f18ade498
2026-07-29 | 腾讯视频付费遇问题，升级后点映礼包不让看还不给退 | https://tousu.sina.com.cn/complaint/view/17400295081/?sld=79f59f44555289cc59bddee1a08773b2
2026-07-29 | 腾讯视频自动续费 | https://tousu.sina.com.cn/complaint/view/17400293454/?sld=9aa51df5a221d48b97811b4f8c734870
2026-07-29 | 腾讯视频会员退款 | https://tousu.sina.com.cn/complaint/view/17400290647/?sld=cc7f682ed3aa4c9a42168e86954f4972
2026-07-29 | 腾讯视频乱扣费，会员未用一月又一月无短信 | https://tousu.sina.com.cn/complaint/view/17400287728/?sld=e78372f4c69f3473e20cb055e153e992
2026-07-29 | 腾讯视频提示冲svip可看电视剧，冲完发现看不了 | https://tousu.sina.com.cn/complaint/view/17400288534/?sld=ea1e5462f6fe21ee1ea94f940ffc8fb7
2026-07-29 | 腾讯视频的自动扣费 | https://tousu.sina.com.cn/complaint/view/17400282896/?sld=791f18c144fb6d956749c500f05bd43f
2026-07-29 | 客服不处理霸王条款 | https://tousu.sina.com.cn/complaint/view/17400283335/?sld=3ef4440a334bb3eec995271c4d054d92
2026-07-28 | 腾讯视频 | https://tousu.sina.com.cn/complaint/view/17400258809/?sld=cbb88d365cf62e3fead6f6e204087b8c
2026-07-28 | 借自动续费乱扣钱 | https://tousu.sina.com.cn/complaint/view/17400274754/?sld=ff8d1d7c53109d8500a5edccbfb1b890
2026-07-28 | 腾讯会员可观看百花杀，结果投影不可观看 | https://tousu.sina.com.cn/complaint/view/17400268515/?sld=1c48090260fdfd5c7cf6e0f2af9a9ffa
2026-07-28 | 腾讯视频VIP刚充值未使用任何权益，申请退款被客服拒绝 | https://tousu.sina.com.cn/complaint/view/17400277537/?sld=420a87dd579401aa9ca71b9298db62cc
2026-07-28 | 腾讯视频未提醒扣费，莫名开通会员，盼退全款 | https://tousu.sina.com.cn/complaint/view/17400277753/?sld=71155b8cc98387aa1f825ebbb3492dc8
2026-07-28 | 腾讯视频违规自动续费，客服不作为，求全额退款道歉 | https://tousu.sina.com.cn/complaint/view/17400277056/?sld=b4806440e60e35df0cfca9d3a1df1468
2026-07-28 | 腾讯视频欺骗消费者，售后和商品简介写解决方法写的不一样 | https://tousu.sina.com.cn/complaint/view/17400275745/?sld=ae07620c6e52db59c07c0c972b6de588
2026-07-28 | 腾讯视频会员不给退钱 | https://tousu.sina.com.cn/complaint/view/17400276396/?sld=e7c077ea7b73e63cd289083e01a39a71
2026-07-28 | 腾讯视频异常扣款，自动续费要求退回。 | https://tousu.sina.com.cn/complaint/view/17400274157/?sld=80c6850bf9996d8e7c938d6be7419ae6
2026-07-28 | 哎呀！腾讯视频16:30扣我饭钱，快退费！ | https://tousu.sina.com.cn/complaint/view/17400272055/?sld=168bc4f57c01079d7098940aa47b037c
2026-07-28 | 腾讯视频 | https://tousu.sina.com.cn/complaint/view/17400273114/?sld=617943d56d61dc417a938c9cda6a17c1
2026-07-28 | 腾讯视频恶意扣除我钱款 | https://tousu.sina.com.cn/complaint/view/17400272531/?sld=132b234bfd44a755b8d62fe379776c22
2026-07-28 | 腾讯视频乱收费，季度svip竟月扣98元 | https://tousu.sina.com.cn/complaint/view/17400270062/?sld=7eb1f869c43fb1e587c91769e8eef085
2026-07-28 | 深圳市腾讯计算机系统有限公司，申请退款 | https://tousu.sina.com.cn/complaint/view/17400267417/?sld=7ed2376928a1ceaf55dd72473392e162
2026-07-28 | 腾讯自动扣费 | https://tousu.sina.com.cn/complaint/view/17400261619/?sld=8753cf739811edfc592854ca02fafeca
2026-07-28 | 腾讯视频 | https://tousu.sina.com.cn/complaint/view/17400260637/?sld=e974dbf687732c830774620998daf29a
2026-07-28 | 腾讯视频 | https://tousu.sina.com.cn/complaint/view/17400260850/?sld=593b7fbefb6643b912df4a94238136bd
[OK] 采集-黑猫 (returncode=0)

===== [解析-黑猫] parse_heimao.py =====
To https://github.com/mxy-mxy111/weibo-sentiment-monitor.git
   a6dd429..76e422f  main -> main
窗口: 2026-07-29 11:02:32 ~ 2026-07-30 11:02:32
总候选: 120, 24小时窗口内: 17
2026-07-30 09:27:29 | 客服不处理/处理不当 | 深圳市腾讯计算机系统有限公司  退款 | https://tousu.sina.com.cn/complaint/view/17400320164/?sld=6cf7fa823179c98b63a595f1426031c2
2026-07-30 09:06:28 | 涉骗,申请退款/提现不到账,服务不到位/态度差 | 退钱 | https://tousu.sina.com.cn/complaint/view/17400319641/?sld=ad5b0339741a7511eefbebe397ca6d75
2026-07-30 08:54:15 | 自动续费 | 腾讯视频暗藏自动续费，退2026年2至6月费用 | https://tousu.sina.com.cn/complaint/view/17400319420/?sld=e2e18bbfe394d743443582e83e21206d
2026-07-29 23:18:32 | 二次收费 | 腾讯视频变相二次收费，《百花杀》设置大结局点映礼侵害SVIP会员权益 | https://tousu.sina.com.cn/complaint/view/17400315511/?sld=165bb7e676bcb6a325aae471e84f84bf
2026-07-29 23:12:48 | 自动续费 | 腾讯视频会员自动续费不提醒 | https://tousu.sina.com.cn/complaint/view/17400315377/?sld=1662ce79b713c7b2f73e41bdd966806c
2026-07-29 22:13:21 | 不同意未成年退款 | 腾讯视频不同意未成年退款 | https://tousu.sina.com.cn/complaint/view/17400314154/?sld=b21503ed2fa2ddf936f9af1a3418ce9a
2026-07-29 20:50:18 | 自动续费 | 腾讯视频 | https://tousu.sina.com.cn/complaint/view/17400312112/?sld=bbce3344035ca39eab9b2203211bc298
2026-07-29 20:04:00 | 自动续费 | 腾讯视频没通知自动续费 | https://tousu.sina.com.cn/complaint/view/17400310876/?sld=b0b57d8a915c49b1f75fbb1565d68ce3
2026-07-29 18:41:54 | 申请退款/提现不到账 | 腾讯视频 | https://tousu.sina.com.cn/complaint/view/17400308498/?sld=869345e75b68ea7a3c99e401257596e0
2026-07-29 16:42:15 | 自动续费 | 腾讯视频会员胡乱收费，欺诈消费者 | https://tousu.sina.com.cn/complaint/view/17400303796/?sld=69fb8b95ff3a7dbb117728859b3c5da9
2026-07-29 15:23:05 | 自动续费 | 腾讯视频 | https://tousu.sina.com.cn/complaint/view/17400300183/?sld=44b537be1431e0cc98a6bab19df23357
2026-07-29 15:21:35 | 自动续费,霸王条款,乱收费,强迫收费,客服不处理/处理不当,申请退款/提现不到账,虚假/误导宣传,联系不到客服,涉骗,账号问题 | 腾讯视频莫名扣费，学生伙食费被“偷”，这咋回事？ | https://tousu.sina.com.cn/complaint/view/17400300111/?sld=886ebe51cd11afe94bee4a711a4769ff
2026-07-29 14:41:11 | 申请退款/提现不到账 | 就是相互理解吧 | https://tousu.sina.com.cn/complaint/view/17400298193/?sld=326b44847d7c28aa4378a5b6e02f5124
2026-07-29 13:50:01 | 客服不处理/处理不当 | 1. 腾讯视频自动续费未显著提醒，申请退款遭拒绝 | https://tousu.sina.com.cn/complaint/view/17400295942/?sld=aebab53e4817085ab6f9801f18ade498
2026-07-29 13:24:56 | 申请退款/提现不到账,霸王条款,强迫收费,乱收费 | 腾讯视频付费遇问题，升级后点映礼包不让看还不给退 | https://tousu.sina.com.cn/complaint/view/17400295081/?sld=79f59f44555289cc59bddee1a08773b2
2026-07-29 12:39:15 | 申请退款/提现不到账,自动续费 | 腾讯视频自动续费 | https://tousu.sina.com.cn/complaint/view/17400293454/?sld=9aa51df5a221d48b97811b4f8c734870
2026-07-29 11:29:41 | 客服不处理/处理不当,申请退款/提现不到账 | 腾讯视频会员退款 | https://tousu.sina.com.cn/complaint/view/17400290647/?sld=cc7f682ed3aa4c9a42168e86954f4972
[OK] 解析-黑猫 (returncode=0)

===== [采集-小红书] collect_xhs.py =====
[异常] 采集-小红书: Command '['/Library/Developer/CommandLineTools/usr/bin/python3', '/Users/xiaoma/CodeBuddy/20260714104056/weibo-sentiment-monitor/collect_xhs.py']' timed out after 1200 seconds

===== [筛选-小红书候选] filter_xhs_candidates.py =====
小红书候选初筛: 原始 0 条 -> 候选 0 条(上限80)
[OK] 筛选-小红书候选 (returncode=0)

===== [核实-小红书正文] verify_xhs.py =====
[OK] 核实-小红书正文 (returncode=0)

===== [解析-小红书窗口] parse_xhs.py =====
窗口: 2026-07-23 11:02:32 ~ 2026-07-30 11:02:32
小红书核实 0 条 -> 24h 窗口内 0 条
[OK] 解析-小红书窗口 (returncode=0)

===== [构建] build_datasource.py =====
[历史] 2026-07-30 当日已有记录，按幂等策略不重复追加
本次共采集: 2551 | 符合情感色彩: 621 (neg 62 /pos 248 /neu 311 ) | 非情感色彩剔除: 1930 (窗口外 1870 /重复 40 /竞品无关 8 /广告控评 5 )
平台明细  微博:616/(45neg 248pos 311neu)  豆瓣:1/(0neg 0pos 0neu)  小红书:0/(0neg 0pos 0neu)  黑猫:17/(17neg 0pos 0neu) (采集/情感细分)
events P0/P1/P2: 0 4 4 | risk_history: 16
written: /Users/xiaoma/CodeBuddy/20260714104056/weibo-sentiment-monitor/datasource.json

----- 各步骤结果 -----
  ✓ 采集-微博通用
  ✓ 采集-微博剧综
  ✓ 解析-微博通用
  ✓ 解析-微博剧综
  ✓ 采集-豆瓣
  ✓ 解析-豆瓣
  ✓ 采集-黑猫
  ✓ 解析-黑猫
  ✗ 采集-小红书
  ✓ 筛选-小红书候选
  ✓ 核实-小红书正文
  ✓ 解析-小红书窗口

===== [推送] git commit & push =====
[main 76e422f] update datasource.json: 四平台整合版 2026-07-30T11:02:32
 1 file changed, 4239 insertions(+), 4032 deletions(-)

[完成] datasource.json 已推送到 GitHub main。线上看板刷新即显示最新数据。
[2026-08-06 11:11:26] 启动腾讯视频舆情流水线（后台）...
流水线开始，窗口终点 PIPELINE_NOW = 2026-08-06T11:11:26，窗口起点 = 2026-08-05T11:11:26

===== [采集-微博通用] collect_weibo.py (timeout=2400s) =====
cookies count: 10
tid
WEIBOCN_FROM
SVB
SUB
SUBP
MLOGIN
_T_WM
XSRF-TOKEN
mweibo_short_token
M_WEIBOCN_PARAMS
腾讯视频 卡顿 status= 200 len= 113435
腾讯视频 闪退 status= 200 len= 95348
腾讯视频 崩了 status= 200 len= 91866
腾讯视频 崩溃 status= 200 len= 79482
腾讯视频 黑屏 status= 200 len= 111777
腾讯视频 白屏 status= 200 len= 78759
腾讯视频 花屏 status= 200 len= 85070
腾讯视频 绿屏 status= 200 len= 72911
腾讯视频 无法播放 status= 200 len= 80681
腾讯视频 看不了 status= 200 len= 113040
腾讯视频 加载不出来 status= 200 len= 64871
腾讯视频 缓冲 status= 200 len= 98941
腾讯视频 打不开 status= 200 len= 72993
腾讯视频 点不开 status= 200 len= 97434
腾讯视频 没声音 status= 200 len= 87550
腾讯视频 音画不同步 status= 200 len= 72167
腾讯视频 报错 status= 200 len= 99142
腾讯视频 错误 status= 200 len= 97205
腾讯视频 异常 status= 200 len= 102257
腾讯视频 闪屏 status= 200 len= 130002
腾讯视频 死机 status= 200 len= 77405
腾讯视频 无法登录 status= 200 len= 107772
腾讯视频 登录不上 status= 200 len= 89027
腾讯视频 登录过期 status= 200 len= 112550
腾讯视频 一直转圈 status= 200 len= 101387
腾讯视频 卡住 status= 200 len= 43711
腾讯视频 失效 status= 200 len= 103319
腾讯视频 无响应 status= 200 len= 69787
腾讯视频 自动退出 status= 200 len= 115447
腾讯视频 强制退出 status= 200 len= 83669
腾讯视频 无法打开 status= 200 len= 89995
腾讯视频 投屏 status= 200 len= 82478
腾讯视频 搜索不到 status= 200 len= 107456
腾讯视频 超时 status= 200 len= 84787
腾讯视频 无法使用 status= 200 len= 102002
腾讯视频 会员 status= 200 len= 129619
腾讯视频 SVIP status= 200 len= 124830
腾讯视频 VIP status= 200 len= 87422
腾讯视频 自动续费 status= 200 len= 81293
腾讯视频 退款 status= 200 len= 91095
腾讯视频 扣费 status= 200 len= 78878
腾讯视频 乱扣款 status= 200 len= 85646
腾讯视频 重复扣费 status= 200 len= 75492
腾讯视频 未到账 status= 200 len= 83964
腾讯视频 会员权益 status= 200 len= 90203
腾讯视频 权益不生效 status= 200 len= 17213
腾讯视频 超前点播 status= 200 len= 88347
腾讯视频 套娃收费 status= 200 len= 84143
腾讯视频 会员涨价 status= 200 len= 86756
腾讯视频 云包场 status= 200 len= 93959
腾讯视频 礼品卡 status= 200 len= 102753
腾讯视频 广告 status= 200 len= 96456
腾讯视频 弹窗 status= 200 len= 130429
腾讯视频 多端权益 status= 200 len= 62577
腾讯视频 无法观看 status= 200 len= 93181
腾讯视频 付费内容 status= 200 len= 101718
腾讯视频 投诉 status= 200 len= 114905
腾讯视频 黑猫投诉 status= 200 len= 116566
腾讯视频 举报 status= 200 len= 94580
腾讯视频 维权 status= 200 len= 117265
腾讯视频 差评 status= 200 len= 122117
腾讯视频 数据造假 status= 200 len= 78432
腾讯视频 处罚 status= 200 len= 104565
腾讯视频 罚款 status= 200 len= 79052
腾讯视频 315 status= 200 len= 84337
腾讯视频 消费者协会 status= 200 len= 96643
腾讯视频 律师函 status= 200 len= 81483
腾讯视频 诈骗 status= 200 len= 93191
腾讯视频 骗钱 status= 200 len= 86403
腾讯视频 跑路 status= 200 len= 124155
腾讯视频 停播 status= 200 len= 137338
腾讯视频 客服 status= 200 len= 94033
腾讯视频 监管 status= 200 len= 81820
腾讯视频 通报 status= 200 len= 95221
腾讯视频 曝光 status= 200 len= 88352
腾讯视频 热搜 status= 200 len= 122251
腾讯视频 好看 status= 200 len= 95713
腾讯视频 推荐 status= 200 len= 79994
腾讯视频 值得看 status= 200 len= 102226
腾讯视频 封神 status= 200 len= 87676
腾讯视频 良心剧 status= 200 len= 102183
腾讯视频 好评 status= 200 len= 139549
腾讯视频 必看 status= 200 len= 128069
腾讯视频 强推 status= 200 len= 99664
腾讯视频 宝藏 status= 200 len= 106997
腾讯视频 精彩 status= 200 len= 122669
腾讯视频 满意 status= 200 len= 102554
腾讯视频 流畅 status= 200 len= 110382
腾讯视频 更新 status= 200 len= 103079
腾讯视频 定档 status= 200 len= 110749
腾讯视频 开播 status= 200 len= 89982
腾讯视频 预告 status= 200 len= 100899
腾讯视频 阵容 status= 200 len= 101312
腾讯视频 官宣 status= 200 len= 107940
腾讯视频 独播 status= 200 len= 103053
腾讯视频 片单 status= 200 len= 120357
腾讯视频 热度 status= 200 len= 115101
腾讯视频 获奖 status= 200 len= 128001
done
[OK] [采集-微博通用] collect_weibo.py (timeout=2400s) (returncode=0)

===== [采集-微博剧综] collect_weibo_content.py (timeout=2400s) =====
醉梦 差评 status= 200 len= 88488
醉梦 一星 status= 200 len= 91521
醉梦 弃剧 status= 200 len= 75436
醉梦 抠图 status= 200 len= 86016
这一秒过火 差评 status= 200 len= 99635
这一秒过火 一星 status= 200 len= 124850
这一秒过火 弃剧 status= 200 len= 80752
这一秒过火 抠图 status= 200 len= 87856
京城奇探 差评 status= 200 len= 21175
京城奇探 一星 status= 200 len= 15575
京城奇探 弃剧 status= 200 len= 73700
京城奇探 抠图 status= 200 len= 15575
兵自风中来 差评 status= 200 len= 72114
兵自风中来 一星 status= 200 len= 27491
兵自风中来 弃剧 status= 200 len= 81899
兵自风中来 抠图 status= 200 len= 16137
百花杀 差评 status= 200 len= 100168
百花杀 一星 status= 200 len= 97712
百花杀 弃剧 status= 200 len= 110733
百花杀 抠图 status= 200 len= 86242
藏锋 差评 status= 200 len= 92507
藏锋 一星 status= 200 len= 85198
藏锋 弃剧 status= 200 len= 43987
藏锋 抠图 status= 200 len= 38992
小芳出嫁 差评 status= 200 len= 23454
小芳出嫁 一星 status= 200 len= 15591
小芳出嫁 弃剧 status= 200 len= 31652
小芳出嫁 抠图 status= 200 len= 15591
遮天 差评 status= 200 len= 79854
遮天 一星 status= 200 len= 66037
遮天 弃剧 status= 200 len= 54583
遮天 抠图 status= 200 len= 75425
梦花廷 差评 status= 200 len= 67656
梦花廷 一星 status= 200 len= 71541
梦花廷 弃剧 status= 200 len= 80272
梦花廷 抠图 status= 200 len= 36752
花开锦绣 差评 status= 200 len= 116154
花开锦绣 一星 status= 200 len= 122896
花开锦绣 弃剧 status= 200 len= 65426
花开锦绣 抠图 status= 200 len= 101935
待我醒来时 差评 status= 200 len= 16361
待我醒来时 一星 status= 200 len= 110995
待我醒来时 弃剧 status= 200 len= 23539
待我醒来时 抠图 status= 200 len= 16137
有喜的日子 差评 status= 200 len= 48656
有喜的日子 一星 status= 200 len= 27415
有喜的日子 弃剧 status= 200 len= 44776
有喜的日子 抠图 status= 200 len= 42806
师兄太稳健 差评 status= 200 len= 93944
师兄太稳健 一星 status= 200 len= 25794
师兄太稳健 弃剧 status= 200 len= 36965
师兄太稳健 抠图 status= 200 len= 46067
雀骨 差评 status= 200 len= 96988
雀骨 一星 status= 200 len= 102710
雀骨 弃剧 status= 200 len= 88753
雀骨 抠图 status= 200 len= 118919
深渊无间 差评 status= 200 len= 73893
深渊无间 一星 status= 200 len= 24019
深渊无间 弃剧 status= 200 len= 20583
深渊无间 抠图 status= 200 len= 15575
十日终焉 差评 status= 200 len= 113545
十日终焉 一星 status= 200 len= 108237
十日终焉 弃剧 status= 200 len= 76907
十日终焉 抠图 status= 200 len= 115655
人鱼 差评 status= 200 len= 97988
人鱼 一星 status= 200 len= 84043
人鱼 弃剧 status= 200 len= 88953
人鱼 抠图 status= 200 len= 96324
脱口秀和Ta的朋友们 差评 status= 200 len= 106298
脱口秀和Ta的朋友们 一星 status= 200 len= 49762
脱口秀和Ta的朋友们 弃剧 status= 200 len= 114032
脱口秀和Ta的朋友们 抠图 status= 200 len= 42121
主咖 差评 status= 200 len= 89295
主咖 一星 status= 200 len= 106979
主咖 弃剧 status= 200 len= 78918
主咖 抠图 status= 200 len= 40168
现在就出发 差评 status= 200 len= 94327
现在就出发 一星 status= 200 len= 40107
现在就出发 弃剧 status= 200 len= 75236
现在就出发 抠图 status= 200 len= 102559
哈哈哈哈哈 差评 status= 200 len= 105855
哈哈哈哈哈 一星 status= 200 len= 124887
哈哈哈哈哈 弃剧 status= 200 len= 80258
哈哈哈哈哈 抠图 status= 200 len= 105339
地球超新鲜 差评 status= 200 len= 130829
地球超新鲜 一星 status= 200 len= 117419
地球超新鲜 弃剧 status= 200 len= 112423
地球超新鲜 抠图 status= 200 len= 105688
五十公里桃花坞 差评 status= 200 len= 113257
五十公里桃花坞 一星 status= 200 len= 84143
五十公里桃花坞 弃剧 status= 200 len= 86007
五十公里桃花坞 抠图 status= 200 len= 99894
一饭封神 差评 status= 200 len= 99447
一饭封神 一星 status= 200 len= 116191
一饭封神 弃剧 status= 200 len= 78812
一饭封神 抠图 status= 200 len= 15575
哆来咪哪里咪 差评 status= 200 len= 16907
哆来咪哪里咪 一星 status= 200 len= 16683
哆来咪哪里咪 弃剧 status= 200 len= 16683
哆来咪哪里咪 抠图 status= 200 len= 16683
我是剧星 差评 status= 200 len= 15815
我是剧星 一星 status= 200 len= 15703
我是剧星 弃剧 status= 200 len= 34419
我是剧星 抠图 status= 200 len= 15703
心动的信号 差评 status= 200 len= 85382
心动的信号 一星 status= 200 len= 86558
心动的信号 弃剧 status= 200 len= 77168
心动的信号 抠图 status= 200 len= 107206
半熟恋人 差评 status= 200 len= 93043
半熟恋人 一星 status= 200 len= 62061
半熟恋人 弃剧 status= 200 len= 71651
半熟恋人 抠图 status= 200 len= 15575
开始推理吧 差评 status= 200 len= 149546
开始推理吧 一星 status= 200 len= 118574
开始推理吧 弃剧 status= 200 len= 87171
开始推理吧 抠图 status= 200 len= 169587
一路向海的少年 差评 status= 200 len= 111686
一路向海的少年 一星 status= 200 len= 26311
一路向海的少年 弃剧 status= 200 len= 17229
一路向海的少年 抠图 status= 200 len= 27953
腾讯视频 剧 塌房 status= 200 len= 106779
腾讯视频 剧 数据造假 status= 200 len= 84529
腾讯视频 剧 抠图 status= 200 len= 100990
腾讯视频 综艺 尴尬 status= 200 len= 86919
腾讯视频 短剧 骂 status= 200 len= 103002
腾讯视频 断更 status= 200 len= 103867
腾讯视频 独播 差评 status= 200 len= 62510
腾讯视频 剧 下架 status= 200 len= 146805
醉梦 好看 status= 200 len= 105650
醉梦 推荐 status= 200 len= 95547
醉梦 值得看 status= 200 len= 46569
醉梦 封神 status= 200 len= 88814
醉梦 好评 status= 200 len= 125903
这一秒过火 好看 status= 200 len= 107677
这一秒过火 推荐 status= 200 len= 85234
这一秒过火 值得看 status= 200 len= 80893
这一秒过火 封神 status= 200 len= 115449
这一秒过火 好评 status= 200 len= 113622
京城奇探 好看 status= 200 len= 95545
京城奇探 推荐 status= 200 len= 91502
京城奇探 值得看 status= 200 len= 32770
京城奇探 封神 status= 200 len= 123196
京城奇探 好评 status= 200 len= 93804
兵自风中来 好看 status= 200 len= 99954
兵自风中来 推荐 status= 200 len= 89772
兵自风中来 值得看 status= 200 len= 54720
兵自风中来 封神 status= 200 len= 95743
兵自风中来 好评 status= 200 len= 97276
百花杀 好看 status= 200 len= 99086
百花杀 推荐 status= 200 len= 81549
百花杀 值得看 status= 200 len= 88127
百花杀 封神 status= 200 len= 121516
百花杀 好评 status= 200 len= 101492
藏锋 好看 status= 200 len= 112003
藏锋 推荐 status= 200 len= 130831
藏锋 值得看 status= 200 len= 151676
藏锋 封神 status= 200 len= 86213
藏锋 好评 status= 200 len= 102460
脱口秀和Ta的朋友们 好看 status= 200 len= 117198
脱口秀和Ta的朋友们 推荐 status= 200 len= 100012
脱口秀和Ta的朋友们 值得看 status= 200 len= 103177
脱口秀和Ta的朋友们 封神 status= 200 len= 101585
脱口秀和Ta的朋友们 好评 status= 200 len= 110626
主咖 好看 status= 200 len= 91434
主咖 推荐 status= 200 len= 89478
主咖 值得看 status= 200 len= 68855
主咖 封神 status= 200 len= 101440
主咖 好评 status= 200 len= 173153
现在就出发 好看 status= 200 len= 104882
现在就出发 推荐 status= 200 len= 104012
现在就出发 值得看 status= 200 len= 82089
现在就出发 封神 status= 200 len= 102133
现在就出发 好评 status= 200 len= 109943
哈哈哈哈哈 好看 status= 200 len= 108770
哈哈哈哈哈 推荐 status= 200 len= 101055
哈哈哈哈哈 值得看 status= 200 len= 102771
哈哈哈哈哈 封神 status= 200 len= 90565
哈哈哈哈哈 好评 status= 200 len= 108920
醉梦 更新 status= 200 len= 121597
醉梦 定档 status= 200 len= 103297
醉梦 开播 status= 200 len= 113638
醉梦 预告 status= 200 len= 106559
醉梦 阵容 status= 200 len= 98940
这一秒过火 更新 status= 200 len= 108722
这一秒过火 定档 status= 200 len= 98689
这一秒过火 开播 status= 200 len= 97030
这一秒过火 预告 status= 200 len= 131344
这一秒过火 阵容 status= 200 len= 97538
京城奇探 更新 status= 200 len= 98626
京城奇探 定档 status= 200 len= 95712
京城奇探 开播 status= 200 len= 86655
京城奇探 预告 status= 200 len= 103110
京城奇探 阵容 status= 200 len= 100272
兵自风中来 更新 status= 200 len= 64813
兵自风中来 定档 status= 200 len= 92551
兵自风中来 开播 status= 200 len= 96233
兵自风中来 预告 status= 200 len= 95677
兵自风中来 阵容 status= 200 len= 98361
百花杀 更新 status= 200 len= 100829
百花杀 定档 status= 200 len= 116855
百花杀 开播 status= 200 len= 105637
百花杀 预告 status= 200 len= 113682
百花杀 阵容 status= 200 len= 101476
藏锋 更新 status= 200 len= 92262
藏锋 定档 status= 200 len= 125406
藏锋 开播 status= 200 len= 109357
藏锋 预告 status= 200 len= 84343
藏锋 阵容 status= 200 len= 107880
脱口秀和Ta的朋友们 更新 status= 200 len= 114826
脱口秀和Ta的朋友们 定档 status= 200 len= 101616
脱口秀和Ta的朋友们 开播 status= 200 len= 105579
脱口秀和Ta的朋友们 预告 status= 200 len= 120929
脱口秀和Ta的朋友们 阵容 status= 200 len= 102112
主咖 更新 status= 200 len= 127240
主咖 定档 status= 200 len= 105118
主咖 开播 status= 200 len= 107160
主咖 预告 status= 200 len= 98144
主咖 阵容 status= 200 len= 85247
现在就出发 更新 status= 200 len= 102327
现在就出发 定档 status= 200 len= 94380
现在就出发 开播 status= 200 len= 96040
现在就出发 预告 status= 200 len= 113239
现在就出发 阵容 status= 200 len= 98163
哈哈哈哈哈 更新 status= 200 len= 110923
哈哈哈哈哈 定档 status= 200 len= 143005
哈哈哈哈哈 开播 status= 200 len= 85030
哈哈哈哈哈 预告 status= 200 len= 127277
哈哈哈哈哈 阵容 status= 200 len= 68148
done
[OK] [采集-微博剧综] collect_weibo_content.py (timeout=2400s) (returncode=0)

===== [解析-微博通用] parse_weibo.py (timeout=300s) =====
Total unique posts: 815
In 24h window: 251
Out of window / unknown time: 564
saved.
[OK] [解析-微博通用] parse_weibo.py (timeout=300s) (returncode=0)

===== [解析-微博剧综] parse_weibo_content.py (timeout=300s) =====
Total unique posts: 1685
In 24h window: 423
Total all posts saved: 1685
saved. printing all in-window posts:
2026-08-06T11:20:54 | 小睡一夏夏夏 | 王源刚看圆圆更新的深圳站的短片，揭秘了每一场look耳饰是怎么来的哈哈哈，原来伟妈花了这么多心思，虽然哥哥有点小“嫌弃”哈哈哈 
2026-08-06T11:20:47 | 互联网戴文 | 【#张凌赫回应这一秒过火大结局#：逃跑吧，我们一起】#这一秒过火全员be#民国剧《这一秒过火》在8月5日迎来大结局，三对CP无一生还、仅女主角任素素独活的“全员
2026-08-06T11:20:47 | 娱乐达人陆志华 | 【#张凌赫回应这一秒过火大结局#：逃跑吧，我们一起】#这一秒过火全员be#民国剧《这一秒过火》在8月5日迎来大结局，三对CP无一生还、仅女主角任素素独活的“全员
2026-08-06T11:20:39 | ohokjy啊啊啊啊啊 | #欧豪兵自风中来一滴泪镜头#欧豪的演技没的说太有感染力了看着预告就已经开始难受了今天又要陪着郭子剑掉小珍珠了太快了今晚就可以超前点播了，舍不得和郭子剑说再见啊 
2026-08-06T11:20:35 | 车贷还完解押难 | 《这一秒过火》就这么猝不及防收官了，热搜上挂了好几天的“全员BE”看得我心肌梗塞。说实话这剧开播前我是真期待，结果越看越觉得不对劲：AI片头、土燃OST、短剧式
2026-08-06T11:19:36 | 考拉家的四号崽 | 太有意思了！！之前每天都是我更新菜单，今天我发现是我爸写的哈哈哈哈哈 
2026-08-06T11:19:05 | 咚咚超会打 | #这一秒过火# 这一秒过火好看，这关注度讨论度 太强了 怪不得招商这么强 
2026-08-06T11:18:53 | 良-辰美景 | 你别说，很好看唉，里面还能装点其他东西哈哈哈哈哈肖战#肖战##小飞侠# 
2026-08-06T11:18:36 | silent_verity_ | 🈚️//@M大王叫我来巡山:最右对两个文学体系都理解深刻//@江南大野花:啊啊啊啊啊//@薄荷包蛋派:哈哈哈哈哈哈哈哈哈哈哈//@l鱼苗I:啊啊啊啊呃呃呃呃//
2026-08-06T11:18:07 | 藍色沒有維度 | me by bike//@蓝爵Yoyo:我上网：//@spark不夜城:哈哈哈哈//@塑料河:我//@九方阙:啊哈哈哈//@金瓜刘亮:完全//@_一条更新:私人
2026-08-06T11:18:05 | 绛橘日落山谷 | 电视剧这一秒过火#这一秒过火没破万# 其实真的很好看…值得一个更好的成绩，结局升华让秒火不再是一个简单的恋爱偶像剧，而是体现出家国大义，舍小家为大家的情怀#张凌
2026-08-06T11:18:01 | 醒了回 | #这一秒过火没破万#没破万也不耽误他好看啊 
2026-08-06T11:17:40 | 用户7936105449 | #这一秒过火# 我的评分：超级无敌好看 
2026-08-06T11:16:55 | 不可以剧荒 | #张凌赫没能超越自己逐玉的热度##剧集广告史冠一张凌赫# 谁懂我们秒火有多争气！实打实拿下2026招商年冠超越逐玉， 真金白银就是最硬核的认可。剧情开局信息量爆
2026-08-06T11:16:47 | 如果那天没逞强 | #剧集广告史冠一张凌赫# 双平台全集实现有广，民国背景下爱恨与家国交织，内容有记忆点，品牌这边的信任度也在稳步走高！这一秒过火还是太好看了 如果那天没逞强的微博
2026-08-06T11:16:41 | 观察日即 | 哈哈哈哈哈//@你别说还真是这样:哈哈哈哈哈哈哈//@spark不夜城:哈哈哈哈//@清狂Aling:哈哈哈哈哈哈哈//@歌且行风长吟·:🤣//@薄荷包蛋派:哈
2026-08-06T11:15:21 | 可爱鱼鱼头 | 哈哈哈哈哈哈//@黄濑濑濑濑:我大方//@江南大野花:我就这样//@_一条更新:这么体贴//@每天都在废话:很实用//@我就是李清华:喜欢什么随便选，待会自己买
2026-08-06T11:15:20 | 财气多乐满满 | 乌龙在单位外卖快递不能进来，小哥把花放在收货的地方没有说，我走到楼下发现患者座椅那里有一束花，脑海里自动代入这么早有花就是我的手伸过去一提，家属不可思议的看着我
2026-08-06T11:15:02 | 折页的诗Foouemt | 一路向海的少年 @TOP登陆少年-朱志鑫 #一路向海五椰线上发布会# 等开播就去看，哈哈哈，已经备好吃的了 
2026-08-06T11:15:01 | 炸鱼椰蓉包_ | 一路向海的少年 @TOP登陆少年-张泽禹 #一路向海五椰线上发布会# 宝宝在预告片里看到你砍价了 金牛属性又爆发了哈哈哈哈哈 
2026-08-06T11:14:38 | 我笨猪呐 | 哈哈哈宝宝好可爱呀！好吃多吃点！有什么推荐的美食嘛
2026-08-06T11:13:33 | 可爱帅霸爷在此 | 愣是把某风得第一任看顺眼了，至少人家长得好看性格好，做什么事情也拧得清。你他妈找个女的找得丑就算了，说话也奇怪，性格也不好，骂人阴阳怪气可会了，学习成绩还不好，
2026-08-06T11:12:43 | 橙子味芬达3 | 哈哈哈哈哈哈哈宝宝吃的开心就好 有没有美食推荐！！！
2026-08-06T11:12:16 | L-Z-Z-Z-Z-S- | 一路向海的少年 @TOP登陆少年-苏新皓 #一路向海五椰线上发布会#SU期待开播！第一期和兄弟们最燃的瞬间是什么时候呢？运椰子途中，最多运了多少个呀哈哈哈 
2026-08-06T11:12:15 | 记艺APP | 「每日更新」8月6日 - 国产剧播出（含港台）江海潮生 EP23-24 优爱腾御廷谣 EP18-19 芒果TV依然的喜事 EP30 腾讯视频 大结局 九门 EP
2026-08-06T11:11:18 | nana昊哈哈哈 | 哈哈哈哈哈那还有什么值得推荐的
2026-08-06T11:11:04 | 战siG_612 | #这一秒过火# 我的评分：🌟亮点推荐：推荐 
2026-08-06T11:10:50 | 2227x_喵 | 哈哈哈笨咪 预告片很有意思呀！！期待正片
2026-08-06T11:10:35 | 轮毂收集者 | 刷到《这一秒过火》全员be的热搜，说实话我心里没啥波动，甚至有点想笑。这剧开播前被业内吹成“大爆本子”，播完却被全网吐槽狗血元素大杂烩，AI片头、土燃ost、短
2026-08-06T11:10:31 | 天空守恒 | 热搜置顶捞自家评论 你们别去回复其他任何评论//@羽下征叶:这一秒过火立意很高 超点剧情太好看了 反正张凌赫左手集均年冠右手招商年冠 评论配图
2026-08-06T11:10:27 | 不吃鱼得可爱莓 | 陆地夫妇小萌新 每天睁眼就来超话里找新塘吃，新🍬吃完了，再去翻旧🍬，果然“追”是一个付出体力，脑力和感情的长久活儿，他俩感情不清楚到底咋样，反正我是付出了好多好
2026-08-06T11:09:51 | 豆米想喝可乐 | 圈子日记#纪实# 🐱:zr，给你看个东西，你先别看，猜猜是啥(我🫰🏻)👨🏻:反正不敢是中指🐱:还有我不敢的?(OS:我有这么皮吗？真是的，zr第一反应就是中指🖕
2026-08-06T11:09:47 | 鲨鱼王and薯条派 | #百花杀# 我的评分：每个演员颜值都特别好🌟亮点推荐：何与是我认为最适合古装的男主没有之一 
2026-08-06T11:09:29 | 柠萌就是_檬不萌 | 大结局真的太好看了！群像的魅力
2026-08-06T11:08:44 | 折纸寄心 | 《今天也不受待见》现代好看 痴汉辱追攻和冷淡（并不）受 我发现自己还挺喜欢这种没有什么环境描写，更多的是人物对话描写的写作手法的，这种应该叫白描吧？读起来也是有
2026-08-06T11:08:39 | 锦时qvq | 哈哈哈哈哈这波开智了
2026-08-06T11:08:09 | 肖张199 | 肖战#莫得闲剧好看今日开播#xz#莫得闲剧好看上线#1580-1#莫得闲结局细节# 山河动荡，小镇藏锋。《莫得闲》择八一节点开播，借戈止镇一隅，写乱世众生风骨。
2026-08-06T11:07:42 | 橘子熟了呀啊 | 预告片就狠狠拿捏到我了
2026-08-06T11:07:29 | L-Z-Z-Z-Z-S- | 一路向海的少年 @TOP登陆少年-张泽禹 #一路向海五椰线上发布会#椰子重吗？一次大概能背多少个椰子呀哈哈哈 期待开播！ 
2026-08-06T11:06:36 | 小笋天天天才 | #京城奇探# 这说不清道不明的眼神呢怎么尽给我推这个 好看多推 
2026-08-06T11:05:55 | 呆繆 | 11一個公司裡每個坑位建議放一個～哈哈哈🤣有些人用過的地方真的略臭 网页链接  小林制药清新剂一滴消臭元玫瑰花香20ml/瓶厕所卫生间除臭芳香剂 
2026-08-06T11:05:39 | 如果我有钱我让全世界种满香菜 | #这一秒过火没破万#但凡剧里有路透这么好看我就追完了 
2026-08-06T11:05:25 | 芝草o_o | 🆘哈哈哈哈哈哈哈//@电影夏洛特烦恼:你们呼吁一下 让他们把号给我 哈哈哈哈 我以后就能一起切皮了//@喵汪教信徒:钢兰家族是出场费太贵了吗 怎么不来🥺//@电
2026-08-06T11:05:07 | 言星福柠 | 一路向海的少年#一路向海五椰线上发布会#一路向海的少年一路向海的少年#一路向海五椰线上发布会#TOP你们玩得开心不？下次带福来一起去这次是不是“有力气”？哈哈哈
2026-08-06T11:04:58 | 言星福柠 | 一路向海的少年一路向海的少年#一路向海五椰线上发布会#TOP你们玩得开心不？下次带福来一起去这次是不是“有力气”？哈哈哈哈哈最推荐去哪里玩呀？ 
2026-08-06T11:04:06 | 宇宙不失眠_ | #这一秒过火没破万#影视寒冬只对张凌赫一个人严格是吧，双平台也要求必须破万了？没破万也不影响秒火就是一部好看的剧，不仅仅是一部偶像剧，从女性群像到家国大义、致敬
2026-08-06T11:03:38 | 言星福柠 | 一路向海的少年一路向海的少年一路向海的少年 TOP你们这次玩得开心不？是有力气还是闷哈哈哈哈哈TOP推荐去哪玩呀 
2026-08-06T11:03:30 | 言星福柠 | 一路向海的少年一路向海的少年 TOP你们这次玩得开心不？是有力气还是闷哈哈哈哈哈TOP推荐去哪玩呀 
2026-08-06T11:02:54 | 娱乐速报- | #欧豪兵自风中来一滴泪镜头#封神名场面来了！《兵自风中来》欧豪克制式哭戏，不泛滥的情绪，只落下一滴眼泪。铁骨军人也有柔软内心，刚毅外壳下的情绪瞬间破防，短短一个
2026-08-06T11:02:38 | 少年老成陈大器 | #欧豪兵自风中来一滴泪镜头# 欧豪这段克制哭戏直接封神，全程强压情绪只滑落一滴眼泪，没有崩溃大哭，隐忍酸涩全都藏在眼底，军人骨子里的刚强和对战友的不舍碰撞在一起
2026-08-06T11:02:11 | 带薪追星李饭饭 | #欧豪兵自风中来一滴泪镜头#被欧豪一滴泪狠狠戳破防线！没有大哭嘶吼，只有风掠过脸庞，一滴眼泪无声滑落，隐忍又破碎。军人骨子里的倔强与心底的动容，全部藏在这滴眼泪
2026-08-06T11:01:59 | 精神失常也没关系吧 | 封神了
2026-08-06T11:01:34 | 百灵鸟09604 | 图一~图四  胖头陀自从吵着换车我同意以及加薪再加上备婚以后，变得超级自律，猫子我好几天没照顾了，家里我也没收拾过了，每天坚持运动感觉他脸部线条都清晰了哈哈哈～
2026-08-06T11:00:59 | 快乐追星人irs | #这一秒过火没破万#但在我心里，它早已封神🔥昨晚看完到现在还没缓过来——这种震撼不是甜虐给的，是格局给的，是厚重感给的。它的格局，真的秒了市面上的很多偶像剧……
2026-08-06T11:00:15 | 深宅大愿 | 顺义City不city？来听比三里屯更燥的夏日晚风☁️🚗到顺义祥云小镇度假，一进街区就撞进「SUMMER FLOWS」的夏日声浪里。好久没来顺义，这儿琳琅满目的
2026-08-06T11:00:01 | 娱圈鹅姐 | #欧豪兵自风中来一滴泪镜头#谁说硬汉不能哭？欧豪这滴“神仙落泪”直接封神！《兵自风中来》里，郭子剑那滴隐忍滑落的泪水，是愧疚、是责任、是说不出口的沉重。微表情太
2026-08-06T10:59:24 | 义想到你呀 | #向全世界安利孟子义# 🌸#孟子义连续四部剧进拉新年榜# 孟子义连续四部剧进拉新年榜，《花琉璃》、《九重紫》、《桃花映江山》、《百花杀》，每一部都好评满满，努力
2026-08-06T10:59:18 | 达尔文写完进化论突然一拍大腿道 | 但还是好好看呀哈哈哈哈//@Mona健康监护中心://@狐狸社社长乱狐:稀有//@藏藏是一只尖脸藏狐:妈呀哈哈哈保龄球//@真十内:搜了下，好可爱噢 查看图片 
2026-08-06T10:59:16 | INspirit_s | 哈哈哈哈哈//@A兔K:比自家男團很多人長得還好看
2026-08-06T10:58:27 | 绯某人是只非洲婶 | 更新完试了一局监管，这跳莫名想笑。。然后添页是打到了，不过一格只能放放两张有点占位置，能不能像羽毛一样一格放四个？ @网易第五人格 （约瑟夫居然不是用脚踹差评哈
2026-08-06T10:58:20 | 剧综团团 | 张凌赫没能超过自己逐玉的热度8月5日收官，双平台未破万8月5日，张凌赫搭档王楚然主演的《这一秒过火》收官。爱奇艺站内热度峰值8228，距破万线差近1800点腾讯
2026-08-06T10:57:45 | 渝笑春风 | 肖战得闲谨制今天小孩无意当中开电视，喊叫着告诉我看见有剧好看，这下终于可以看得闲谨制了。哈哈哈。#莫得闲剧好看上线#
2026-08-06T10:56:48 | 超级幸运金奖得主 | 看了十六集算了当年觉得挺好看的，现在重刷咋觉得没啥意思我去瞅瞅孟姐新剧《百花杀》咋样，她的九重紫我当时觉得挺好看的
2026-08-06T10:55:38 | 萌萌章鱼跳芭蕾 | 这一秒过火全员BE，热搜挂了一天，我也跟着堵了一天。这剧从开播就热搜不断，AI片头、土燃OST、短剧台词，槽点比剧情还精彩，可观众还是真情实感追到了大结局。结果
2026-08-06T10:54:11 | 聪呀_看大熊猫 | 咱就说谁家小熊如此搞笑，不就是我们雅致嘛！哈哈哈，吃竹子都要留一片明天吃，新装造很满意，请持续更新大熊猫雅致#大熊猫雅致##成都大熊猫繁育研究基地# 聪呀_看大
2026-08-06T10:53:40 | 倾国倾城的娟菇凉 | 以为这段张凌赫演的贼好的时候，下一段他演的更惊艳，再下一段简直就封神张凌赫｜这一秒过火 倾国倾城的娟菇凉的微博视频 
2026-08-06T10:48:46 | ZM1uan | 百花杀 好看！！！ 
2026-08-06T10:46:28 | 格外致知kinki | #披荆斩棘2026阵容前瞻#王赫野参加披荆斩棘 我马上开始预习前一季舞蹈曼妙的vocal怎能不期待这个东北哥哥真人秀闹的笑话呢哈哈哈 是讨喜的小哥哥@王赫野 
2026-08-06T10:46:19 | 推书机本机 | 我们都是小说控#言情小说推荐##热门小说推荐##推文##小说##好书推荐# 《你们贵族学院有正常人吗》《高岭之花真香实录》《被玫瑰摘下的人》《小土狗》《卧底后被
2026-08-06T10:45:14 | 琅琊-江左王吉是俺 | 冰寒大玩家  我冰哥开播的威力大，哈哈哈，以为这两天行情好，回来开播搞一搞人设，洋一样粉丝，心里话：我一停更大盘就📉了咧（实际上是因为砂猪盘➕盗图➕给女粉丝发小
2026-08-06T10:44:39 | 现代快报 | #孔笙人民日报撰文谈莫得闲#【#孔笙称莫得闲不是短改长也不是番外#】8月6日，@孔笙 导演在《人民日报》发表文章《同一个故事，如何出新出彩——从电影〈得闲谨制〉
2026-08-06T10:41:53 | LYN-NZ莉 | 刘宇宁就是核心主咖，不容置疑#刘宇宁地球超新鲜# #刘宇宁地球超新鲜2##刘宇宁#摩登兄弟 //@秋风蓝天扫落叶:谁是节目里的高光，看封面、看标题、看物料更新就
2026-08-06T10:41:21 | 猪离开了它的外套OO | #大哥小助理阵容官宣#胡军新综艺《大哥小助理》即将开播，哈哈哈老辈子艺人一本正经的幽默一定很有趣，看胡军之前的节目就知道他很有意思，非常期待这个新综艺，给我增加
2026-08-06T10:40:36 | 焦脆咸香土豆泥加花生酱抹吐司 | 𝐖𝐚𝐥𝐥𝐩𝐚𝐩𝐞𝐫 | 孔雪儿无水印可直存 | 手机壁纸 | iPhone壁纸 | 高清壁纸 | 简约干净 | 干净壁纸 | 高质量壁纸 | 高级感壁纸 | 优
2026-08-06T10:40:09 | 甜妹柯柯 | 最近《这一秒过火》收官，全员BE，看得我心里堵得慌。讲真，这部剧从开播到结束，热搜一个没少，AI片头、神之运镜、土燃OST、短剧台词，槽点比剧情还热闹。但追到最
2026-08-06T10:40:08 | 小袁说数码 | 【#张凌赫回应这一秒过火大结局#：逃跑吧，我们一起】#这一秒过火全员be#民国剧《这一秒过火》在8月5日迎来大结局，三对CP无一生还、仅女主角任素素独活的“全员
2026-08-06T10:38:26 | Emmanuel光和盐 | 看完这一秒过火大结局，眼睛哭肿了。立意之高，远超预期。家国、责任、理想、情义，全都融在每个人的命运里。演技全员在线，代入感太强了。它不是那种工业糖精或狗血堆砌的
2026-08-06T10:36:43 | Leslie阿羊小绵羊0803 | 哈哈哈哈哈哈哈//@车站的云:这对吗哈哈哈哈哈//@电影夏洛特烦恼:你们呼吁一下 让他们把号给我 哈哈哈哈 我以后就能一起切皮了//@喵汪教信徒:钢兰家族是出场
2026-08-06T10:36:04 | 小袁说数码 | #这一秒过火没破万# 这一秒过火真的被严重低估了，完全是被黑水拦住的一部剧，等着秒火口碑平反的一天！！前期狗血剧情信息量很大，一波接着一波 ，没想到大结局完全封
2026-08-06T10:33:31 | 用户9021377206624 | 真的太搞笑了 我跟我师父都是p人我俩真的专注力很差哈哈哈哈哈哈哈哈哈我师父每次办公的时候都不让我打扰他除非是红色事件就是非常紧急的时候才让我和他说话刚才给我讲我
2026-08-06T10:31:36 | 核桃奶一杯 | #这一秒过火没破万#外界对张凌赫的标准要求总是很高  云合从开播首日开始s+连续霸榜第一十几天，CVB至今都是卫视收视第一，招商达成史冠，慕容清峄V榜改版首位且
2026-08-06T10:30:18 | 犀利竹子摆烂 | 家人们敬请期待吧。晚20:00搜索Olay身体护理旗舰店，抖音搜索8点准时开播。又接到新商务了。哈哈哈。终于等到这一天了。 
2026-08-06T10:30:09 | 戏精少年王大强 | 【#张凌赫回应这一秒过火大结局#：逃跑吧，我们一起】#这一秒过火全员be#民国剧《这一秒过火》在8月5日迎来大结局，三对CP无一生还、仅女主角任素素独活的“全员
2026-08-06T10:30:08 | 爱车的捷哥 | 【#张凌赫回应这一秒过火大结局#：逃跑吧，我们一起】#这一秒过火全员be#民国剧《这一秒过火》在8月5日迎来大结局，三对CP无一生还、仅女主角任素素独活的“全员
2026-08-06T10:29:23 | 为君花间留晚照 | 刚刷到一东北人的视频：“对立秋的渴望超过了春节”，哈哈哈哈哈必须超过了，春节有啥好期待的，老了一岁又忙又累休息不好还长膘。今早看见天气预报推荐我出门晒太阳特么都
2026-08-06T10:29:08 | 挑车挑到凌晨三点 | 追剧追到最后一集，我直接愣住了。这剧从开播就被吐槽，AI片头、土味ost、短剧台词，槽点一抓一大把，结果热度还是破了24000，大家都是一边骂一边看。但看完我算
2026-08-06T10:28:53 | 穹溟君 | 刘奕君 #刘奕君超话# #刘奕君兵自风中来# #刘奕君信条# #刘奕君# 有趣的灵魂万里挑一，好看的皮囊也万里挑一 
2026-08-06T10:28:28 | 吃曲奇的晛定饼干 | 老师！隐藏了3条！藏锋是不是要发定档博了真的很想看万鹏！想看柏佳妮@影视剧藏锋 距离8月10日还有4天！#万鹏柏佳妮# 
2026-08-06T10:28:10 | 英勇浮萍玩蹦极 | 热搜上挂着“这一秒过火全员BE”，点进去全是哀嚎，我也没躲过被最后几集创飞的命运。这剧开播就是高调入场，结果一路槽点拉满，AI片头、土燃ost、短剧式台词，要素
2026-08-06T10:28:06 | 仙度瑞拉被抢了GN | #兵自风中来#好看，爱看，追着看 
2026-08-06T10:28:03 | 心动专属54先生 | #百花杀# 我的评分：推荐推荐，节奏快不拖拉 
2026-08-06T10:27:33 | 相亲遇富婆从此躺平大豪宅 | 邮局港剧。西班牙军警，这次表现颇受好评。不打不抓，没任何暴力，要水管够，因为大热天中暑会死人，但要吃的，一粒粮食没有，坚壁清野战术非常成功，待人蝗自疲，想走有车
2026-08-06T10:26:23 | 爱车的捷哥 | #这一秒过火没破万# 这一秒过火真的被严重低估了，完全是被黑水拦住的一部剧，等着秒火口碑平反的一天！！前期狗血剧情信息量很大，一波接着一波 ，没想到大结局完全封
2026-08-06T10:26:23 | 戏精少年王大强 | #这一秒过火没破万# 这一秒过火真的被严重低估了，完全是被黑水拦住的一部剧，等着秒火口碑平反的一天！！前期狗血剧情信息量很大，一波接着一波 ，没想到大结局完全封
2026-08-06T10:24:59 | 灵灵欧 | #兵自风中来加更礼# 太好看 了。意犹未尽！
2026-08-06T10:22:16 | 郝念_zoey | #孟子义沈汐和#mzy#孟子义百花杀# 你与明月都好看 皆是人间浪漫 𝐘𝐨𝐮 𝐚𝐧𝐝 𝐭𝐡𝐞 𝐦𝐨𝐨𝐧 𝐚𝐫𝐞 𝐛𝐞𝐚𝐮𝐭𝐢𝐟𝐮𝐥, 𝐚𝐫𝐞 𝐫𝐨𝐦𝐚𝐧𝐭𝐢𝐜.
2026-08-06T10:21:07 | 哦哦哦哦哦iiiii | 电视剧这一秒过火 这个首页推荐封面笑不活了，是太虐了只能找这个封面当个糖点吗？ 
2026-08-06T10:20:48 | 车站的云 | 这对吗哈哈哈哈哈//@电影夏洛特烦恼:你们呼吁一下 让他们把号给我 哈哈哈哈 我以后就能一起切皮了//@喵汪教信徒:钢兰家族是出场费太贵了吗 怎么不来🥺//@电
2026-08-06T10:18:46 | 王珞瑗PYY | 哈哈哈还挺可爱的，团综开播前一起换头像 
2026-08-06T10:18:00 | 独立信笺想事情 | 《这一秒过火》大结局可算播完了。朋友圈跟集体上坟似的，一片哀嚎。这剧我从开播追到结尾，心情跟坐过山车一样。前几集那氛围感确实拿人，镜头美学也在线，结果后面剧情跟
2026-08-06T10:17:50 | 昀孟持续爱恋_ | #这一秒过火没破万#这一秒过火民偶无底盘无ip无大营销宣发只有预制黑氵，开播首日爆开，大结局立意升华，早就创造了近几年民偶剧的历史了。欢迎大家来爱奇艺和腾讯视频
2026-08-06T10:16:02 | 现代快报 | #孔笙人民日报撰文谈莫得闲#【 #孔笙称莫得闲是得闲谨制的延续#】8月6日，@孔笙 导演在《人民日报》发表文章《同一个故事，如何出新出彩——从电影〈得闲谨制〉 
2026-08-06T10:15:28 | 知龙而行 | #这一秒过火# 我的评分：🌟亮点推荐：🌟亮点推荐：🌟亮点推荐：🌟亮点推荐：🌟亮点推荐：🌟亮点推荐：🌟亮点推荐：🌟亮点推荐：🌟亮点推荐： 
2026-08-06T10:13:45 | 用户7736105390 | #百花杀# 我的评分：情节完整，画面构图都很有特色，孟子义的沈汐和诠释的也很好，好评。 
2026-08-06T10:13:09 | 视你的剧 | 8.5百指人鱼次日1.4万九门13万御廷谣4万这一秒超点5万兵自风中来9万花开锦绣6600+，分城异常天才女友2万。百指异常就很难预测开播数据。 
2026-08-06T10:12:40 | 守护的小气球 | #百花杀# 我的评分：超级好看 
2026-08-06T10:12:18 | 暗影岛 | 哦豁//@银教授:授人以渔//@广州边锋谢俊辉://@江南大野花:我就这样//@_一条更新:这么体贴//@每天都在废话:很实用//@我就是李清华:喜欢什么随便选
2026-08-06T10:10:13 | 六月之杪 | 这一秒过火看了两集因为更新太快就放下了，看到大结局又准备打开了，其实我还是更爱看be 
2026-08-06T10:10:06 | 凌草田 | 昨天晚上是好久没有的family day，我们全家一起去江南摩尔看《蜘蛛侠·崭新之日》，因为下班晚，今天索性偷懒不做饭，一起去吃KFC，发现现在KFC好便宜，美
2026-08-06T10:09:54 | -怪我孩子气- | #这一秒过火没破万# 嗯嗯到张凌赫这影视也不寒冬了，双标是要破万的。这一秒过火全集有广，已超点完毕，走过路过都可以来看我们这一秒过火，最后几集完全封神来的。 
2026-08-06T10:08:49 | 世玉不是玉 | 脱友在大王洞都吃点啥呢不完全记录在大王洞做的一些丑味。不管好不好吃，你就说不好看吧！脱口秀和ta的朋友们#脱口秀和ta的朋友们##我的脱友开放麦# 
2026-08-06T10:06:27 | 浪姐小跟班 | 🐧下半年综艺规划Q3《地球超新鲜2》《脱口秀和ta的朋友3》《一饭封神2》《心动的信号9》《令人心动的offer8》《毛雪汪》《超新星运动会6》《JUMP PA
2026-08-06T10:06:24 | 不要妄想抓住风 | #这一秒过火口碑严重被低估##这一秒过火立意# 看完只想说一句对不起之前没早点看，每个角色都演进了心里，信仰和牺牲不是随便说说的而是用命在守，结尾那个留白让我沉
2026-08-06T10:05:02 | 小熊的收藏馆 | 2026.08.05@我是梓渝_ 今天这张专辑终于和大家见面了，距离和大家预告要开始制作这张专辑到现在过了160多天了。时间过得好快啊，我记得当时大家做了很多专
2026-08-06T10:04:37 | 菱椿SH-YSG | #丁禹兮花开锦绣# dyx#丁禹兮赵凌# 甘肃拍的剧怎么着也要去看看，敦煌一直想着去一次还没去，就先云游一番～想起来好多情境1.大漠孤烟直，长河落日圆（真的景很
2026-08-06T10:03:36 | 梦里猫狗都有 | 哈哈哈，预告是ol诶
2026-08-06T10:01:27 | 综艺追踪 | 五哈团的四肢正陷入量子纠缠态！ps.4月4日晚18点准时蹲守 #五哈第六季# #五哈团魔性舞姿大赏# #哈哈哈哈哈# 综艺追踪的微博视频 
2026-08-06T10:00:21 | 瑜行无界 | 其实这期也好看，瞎掰王黄sir把丰收的喜悦演的太好了，还是没有题目的情况下演出来的，细节，黄sir和腾哥同款鞋，去年发现了没人讨论#黄景瑜现在就出发# @黄景瑜
2026-08-06T09:57:56 | 戴白色帽子的一只红脸露比 | #百花杀# 我的评分：超级好看 
2026-08-06T09:56:55 | 在下谢蕴 | #这一秒过火没破万#破不破万不重要，但是不影响好看啊，比起经常烂尾的其他剧，这一秒过火最后超点几集真的封神了，立意一下就拔高了，而且把前面埋伏笔的所有真相剧情的
2026-08-06T09:55:42 | 布林布林的Krien | 哪个角色最触动你呢？ 哪个角色最触动你呢？慕容清峄 我的点评：#超会评开分#《这一秒过火》刚追完大结局，必须给张凌赫的演技打个五星好评！他把慕容清峄的“破碎感”
2026-08-06T09:55:31 | 艾小哀 | 最近在追一部军旅剧《兵自风中来》，四年前杀青就知道了，因为蓝盈莹的剧我都有留意。后面知道三子李耕耘也在里面，更好了！可能因为很少看这类剧，印象中就看过亮剑，所以
2026-08-06T09:52:22 | 幽幽youyou0111 | #这一秒过火没破万#剧粉推荐这一秒过火 快去看快去看 
2026-08-06T09:50:33 | Marvelousss_ | 爽之爽之 
2026-08-06T09:48:33 | 檐下赋紫梨花 | #这一秒过火民偶天花板##张凌赫这一秒过火结局口碑反转# 追剧本来就是很私人的感受，没必要强迫所有人认同单一结局。静下心看完就能发现，这部家国民国剧，远比网上流
2026-08-06T09:48:24 | 白城融媒官方微博 | （编辑：王红亮）#这一秒过火三对CP无一生还#【张凌赫回应这一秒过火大结局：逃跑吧，我们一起】#张凌赫回应这一秒过火全员BE# 民国剧《这一秒过火》在8月5日迎
2026-08-06T09:48:13 | ViolettaGiurgiu | #这一秒过火没破万#延迟追完大结局 后劲有点大 这部剧没有那种主角光环护体的爽感 反而全程看得揪心 后面几集一个个选择赴死 奔赴战场 弹幕都在哭 突然有点明白 
2026-08-06T09:40:48 | 美少女安利屋 | #沈腾给羊做上马杀鸡了# 沈腾这个主理人是懂食材体验感的，做饭前还要先给羊放松身心哈哈哈！看预告分分钟被笑趴，喜感混搭脑洞大开，感觉这餐馆开业觉得慢工出细活哈哈
2026-08-06T09:37:38 | 一只小抹茶_Cynthia | 百花杀好看！ 
2026-08-06T09:36:57 | 烬雪壹 | 拉新！百花杀拉新！都对上了！继续周榜第一☝🏻无压制拉新已到5110第六日涨幅非常直观其他剧开播后涨幅越来越小，反观百花杀观众跑步进场百花杀无压制拉新已到5110
2026-08-06T09:36:49 | 定安发布 | #反向避暑就来海南#【海南清凉打包发送】预测8月全省无明显高温天气，现在就出发海南！ 推荐清凉地：走进海南热带雨林公园五指山片区，在密林间感受山林凉意；琼中百花
2026-08-06T09:34:47 | 顶流预备役i | #这一秒过火口碑严重被低估# #这一秒过火立意# 说真的，《这一秒过火》这个口碑真的有被低估！不同于非黑即白的BE或者HE，它给出了观众们一个留白感十足的开放式
2026-08-06T09:34:37 | 元气桃浦选手 | #沈腾给羊做上马杀鸡了# 看完预告直接笑出声，沈腾给羊按马杀鸡的神态太绝了，有条不紊里透着一股不顾羊死活的优雅哈哈哈！喜剧还得是沈腾！ #电影欢迎来龙餐馆# 
2026-08-06T09:33:35 | 第三十秒心动 | #这一秒过火没破万#双平台民偶，招商史冠，最后结局立意升华，男主演技全网好评，在宣传平台瘸腿又被限流的情况下有这样的成绩非常了不起，张凌赫又塑造了一个给人留下深
2026-08-06T09:31:45 | 星闻百分百 | #兵自风中来# #欧豪# #蓝盈莹# 好剧推荐  精彩片段 因为一个片段看了整部剧 影视 星闻百分百的微博视频 
2026-08-06T09:31:20 | CV集聚地 | #兵自风中来# #欧豪# #蓝盈莹同款# 好剧推荐   这也太逗了 结局亮了 那些意想 CV集聚地的微博视频 
2026-08-06T09:28:11 | 年年知和你 | #这一秒过火民偶天花板##张凌赫这一秒过火结局口碑反转#同样的故事，换一套演员阵容，或许就会收获截然不同的风评。这一秒过火跳出小情小爱，聚焦时代下众人的选择，剧
2026-08-06T09:27:27 | 椿春夜nx | #李兰迪何与 千夜奇谭# 非官宣不约  先来看何与的百花杀吧！！还在热播期哦！！太子殿下超级好看！！ 
2026-08-06T09:26:07 | 我发誓再也不打游戏 | #这一秒过火民偶天花板##张凌赫这一秒过火结局口碑反转#很多人拿完美剧集的标准去苛责它，一点点不足就无限放大。抛开外界的争吵，剧中人物各有信仰，剧情层次丰富，是
2026-08-06T09:23:42 | 喝喝赫赫呵呵 | #这一秒过火没破万#影视寒冬之下，大家对张凌赫的要求好高啊。就像大家对尖子生总是希望他能不断创造奇迹丝毫不考虑客观因素。这份肯定我们收下了这一秒不是一部尽善尽美
2026-08-06T09:22:34 | 是凌赫的核桃呐 | #这一秒过火没破万#大结局张凌赫演技封神都来看啊宝子们 
2026-08-06T09:21:44 | 娱棣 | #这一秒过火民偶天花板##张凌赫这一秒过火结局口碑反转#不少差评都脱离完整剧情，仅凭片段就下定论。角色在乱世之中奔赴信仰，家国线刻画得很有分量，就算夹杂狗血桥段
2026-08-06T09:20:00 | 央视一套 | #CCTV1剧好看#【#兵自风中来央一热播#】风行万里，所向披靡。锁定CCTV-1，电视剧#兵自风中来#今天播出第6～8集，敬请关注！@欧豪 @蓝盈莹Lyric
2026-08-06T09:16:41 | 疯产姐妹王富贵 | #这一秒过火民偶天花板##张凌赫这一秒过火结局口碑反转# 网上不少诡辩式的差评，拿着部分片段就判定整部剧不合格。真正跟着剧情一路走下来的观众，能够体会到剧本打磨
2026-08-06T09:15:10 | 薇薇记录薄 | 开播第三天就登顶V榜get到了 
2026-08-06T09:12:07 | 我是谁-呀 | #李兰迪何与 千夜奇谭# 何与的百花杀刚收官，萧华雍收获诸多好评，吸粉也是全剧top1，如果拍，何与演技有保障，那就期待新角色 
2026-08-06T09:09:26 | 小狼森林 | #李兰迪何与 千夜奇谭#非官宣不约哦～可以来看何与的《百花杀》， 
2026-08-06T09:08:36 | 冰美式小猹 | #这一秒过火民偶天花板##张凌赫这一秒过火结局口碑反转# 谁懂啊？这一秒没有用单一结局标准绑架一部作品，开放式的留白留给观众解读空间。比起强行HE，这份带着遗憾
2026-08-06T09:07:07 | 用户7650821918 | 纯路人，       平时基本只刷抖音、看小说，不看电视剧、不看综艺、当然也不追星。       我不是一个喜欢追剧的人，就算有想看的电视我都是关注后存到一起一
2026-08-06T09:02:42 | 边打工边上岸 | #京城奇探#太好看了叭 快点把第二季给抬上来 
2026-08-06T08:59:00 | 用户8388382885 | 百花杀超好看的孟子义#孟子义#
2026-08-06T08:58:37 | 准有钱啊_赞 | 肖战#莫得闲定档剧好看# 匠艺藏锋刃，全民击寇氛；以小担大义，热血护邦本！@肖战 #电影得闲谨制#｜#电影得闲谨制百姓绝境守家誓不退让#
2026-08-06T08:58:29 | 舟渡长河- | 老天，我真的很想京城奇探能有第二季太好看了呀，第二季啥时候来呀，我已经二刷完了，现在我就是全世界最寂寞的人元鸿是马思超最帅的角色，赵少商是翟子路最萌帅的角色 
2026-08-06T08:53:20 | 骨兰朵呀 | #民国##《玉霜》##双男主##晋江#                                                             
2026-08-06T08:50:58 | 我怎么变这样子 | #这一秒过火番外慷慨且大方# 🥝看了番外！！大大的好评！！ 
2026-08-06T08:48:00 | 卷卷开心66 | #这一秒过火# 这部剧真的很好，全员演技在线，没有一集需要倍数，没有一个角色是工具人，前期是女主复仇，看的很爽快，最后立意非常好，为了家国情怀，全员牺牲。当然男
2026-08-06T08:38:27 | 燕遇与露 | #这一秒过火没破万#短剧感太强了，观众很容易弃剧，热度当然也没逐玉好 
2026-08-06T08:36:16 | 人间故事贩卖馆 | 小说资源铺#热门小说推荐# 📖：《金鱼兜兜圈》作者：树莱.txt《我花开后百花杀》作者：锦凰.txt［73］《大小姐实在貌美》作者：吴桑.txt《烧灯记 》作者
2026-08-06T08:33:28 | 阿兜记录 | 忘了说了，硬是等到8.3更新完看完了，这个太子死而复生得莫名其妙，没个解释和交代，我就当这是女主老死以后的幻觉吧
2026-08-06T08:33:27 | 榜上正名 | 更新一下#这一秒过火#最后6集的，弹幕角标数据。应该还有，发现请告知，下次更新。腾讯共计33品牌，236广，总时长达3238秒。爱奇艺共计44品牌，267广，总
2026-08-06T08:31:09 | 不忘初心6594103594 | #刘宇宁地球超新鲜# | #刘宇宁海飞丝品牌代言人# | 摩登兄弟刘宇宁的综艺感直接封神！自带控场气场，反客为主带动氛围太自然了！喜剧天赋真的是藏不住了哈哈哈！
2026-08-06T08:29:57 | 子易简 | 我问:朝霞还是晚霞？阿忍:guess我来一句:算了，不就是一码头，猜屌丝啊来来回回，怼来怼去，九头鸟群13点气质很浓有一说一，放下工作陪父母度假的都是好孩子，表
2026-08-06T08:29:06 | 小麻瓜吃瓜 | #张凌赫王楚然早就应该这么拍了##微博二创视频创作季# 新剧《这一秒过火》民国虐恋名场面刷屏，二人适配度太高。没有工业糖精式的套路甜宠，用细腻的眼神戏、氛围感镜
2026-08-06T08:27:18 | 青春资源社 | 这一秒过火.更 33【超前完结】胯网页链接度网页链接 天才女友 更新1-12集 4K+1080胯网页链接度网页链接 
2026-08-06T08:26:43 | 柒淇110 | #这一秒过火# 我的评分：🌟亮点推荐： 
2026-08-06T08:25:50 | 财鱼鱼_姐姐 | 披哥2026网传拟邀名单传得沸沸扬扬，不少顶流大咖被列入名单，但最终正式阵容还是要等官方官宣。#披荆斩棘2026阵容前瞻##披荆斩棘##这一秒过火番外慷慨且大方
2026-08-06T08:20:50 | 低加索山脉 | 这个京城奇探有点太好了又好看又好嗑 导演导的好 演员演的好 那个恰到好处的眼神 那个镜头语言 啧啧啧 太好品了 咋就不火呢！ 
2026-08-06T08:19:57 | Zoey檬子义oo | #百花杀# 我的评分：🌟亮点推荐：大女人就该看大女主#百花杀##孟子义#电视剧百花杀孟子义 
2026-08-06T08:16:43 | 星星泡芙球 | 现在就出发，林更新和刘宇宁这是被帅哥包袱传染了吗？一个上演“崴脚”苦情戏，一个高喊“就是现在”想扣球，结果双双失败。求求了哥，别再演帅了，真的要被你们笑疯！ 星
2026-08-06T08:13:06 | Blve-Sea | #剧集广告史冠一张凌赫#真男人只做1，都来看这一秒过火@张凌赫z 
2026-08-06T08:10:51 | 小鱼不要翻肚皮_ | #成都大雨雷电和短时阵性大风来了#哈哈哈 我真的要在这个天气出门上班吗 
2026-08-06T08:07:47 | 火芲yu | 笑死了哈哈哈#华晨宇 童趣迷兔# #华晨宇兔耳新造型预告# //@我比较黏花花啦:然后官方补了一个哈哈哈哈哈 评论配图
2026-08-06T08:00:01 | 张凌赫核桃种植园 | 剧播期间任务清单🗒️1️⃣每日v榜图文版👉🏻网页链接视频版👉🏻网页链接2️⃣爱奇艺明星影响力榜单‼️👉🏻网页链接3️⃣超点上线，依据图1要求挂播1-33集‼️超
2026-08-06T07:56:50 | 清辉淡说 | #张凌赫王楚然早就应该这么拍了#《这一秒过火》释出双人全家福剧照收获大量好评，网友感慨二人早该这样合体宣传。张凌赫清冷贵气，王楚然明艳温婉，优越身高差搭配民国造
2026-08-06T07:54:07 | 丁姑娘吖 | 回复@丁姑娘吖:左二女领导手上的黄色是我给的魔改棒//@丁姑娘吖:第六张的有一半领导就在我斜前方，一致好评，出来我还很e的跟他们打招呼哈哈哈哈哈，一致好评，女领
2026-08-06T07:38:31 | 活到188 | 《这一秒过火》中张凌赫与王楚然的对手戏冲上热搜，网友感慨早就该这么拍，这句简短评价，道出当下观众对荧幕对手戏的内心期待。现如今不少影视剧陷入流水线创作，只顾堆砌
2026-08-06T07:25:08 | 成都商报房产 | #这一秒过火三对CP无一生还#【张凌赫回应这一秒过火大结局：逃跑吧，我们一起】#张凌赫回应这一秒过火全员BE# 民国剧《这一秒过火》在8月5日迎来大结局，三对C
2026-08-06T07:25:07 | 成都商报美食 | #这一秒过火三对CP无一生还#【张凌赫回应这一秒过火大结局：逃跑吧，我们一起】#张凌赫回应这一秒过火全员BE# 民国剧《这一秒过火》在8月5日迎来大结局，三对C
2026-08-06T07:25:07 | 成都商报报料 | #这一秒过火三对CP无一生还#【张凌赫回应这一秒过火大结局：逃跑吧，我们一起】#张凌赫回应这一秒过火全员BE# 民国剧《这一秒过火》在8月5日迎来大结局，三对C
2026-08-06T07:25:07 | 成都商报旅游 | #这一秒过火三对CP无一生还#【张凌赫回应这一秒过火大结局：逃跑吧，我们一起】#张凌赫回应这一秒过火全员BE# 民国剧《这一秒过火》在8月5日迎来大结局，三对C
2026-08-06T06:48:23 | roilsoo | #张凌赫王楚然这一秒过火没破万#话题冲上热搜，S+民国剧《这一秒过火》站内热度未能破万，和开播前超高期待形成巨大落差，引发行业与网友热烈讨论。剧集开播前预约量破
2026-08-06T06:47:54 | 半块软糖qq | 笑到打鸣！！火速回溯补剧——果然，《超星星学园》里那波高能翻转直接封神！肖战饰演的方天泽、王玉雯饰演的程芝儿，双人组队式“精神控制”，连刷好几集停不下来，荒诞感
2026-08-06T06:40:11 | 晨晨CC2026 | #张凌赫王楚然这一秒过火没破万#高开低走是这部剧最真实的写照，双人营业花絮热度远超正片，热搜峰值始终没能达标。流量只是敲门砖，内容才是长久出圈的根本 #热点观点
2026-08-06T05:56:35 | 综艺精选指南 | #地球超新鲜# #现在就出发# #五哈# 开始推理吧 五十公里桃花坞 一饭封神 一饭封神2 综艺精选指南的微博视频 
2026-08-06T05:40:53 | 娱笨笨 | #这一秒过火全员be#《这一秒过火》收官，正片全员BE，三对CP没有一对善终。多条剧情线满是遗憾，好在官方补了平行世界的圆满结局，悲喜对照，氛围感拉满。招商成绩
2026-08-06T05:36:05 | 泉水源源的年华 | #张凌赫王楚然这一秒过火没破万#顶配阵容、高期待开播，热度后续没能稳住。花絮氛围感拉满，奈何正片难以持续留住观众。营销只能短暂引流，剧集想要长久出圈，核心永远是
2026-08-06T05:28:39 | 潮流精神病人 | 《御廷谣》把湖南卫视收视率给干下来了！湖南卫视这几年的收视年冠基本都在暑期档，今年的年冠还是年初辛芷蕾那部《女神蒙上眼》，4月份看到番茄台中偶《蜜语纪》播的好，
2026-08-06T05:19:45 | 沫沫小腰精 | 《这一秒过火》大结局剧透：慕容清峄葬身火海，任素素等来的不是婚礼是葬礼慕容清峄最终葬身火海，跟张明殊同归于尽。任素素好不容易等到那个男人回头，等到父子相认，等来
2026-08-06T05:18:58 | 番乐于_ | 兵自风中来真好看啊，看进去了，一集一集又一集，看到这个点🥲 
2026-08-06T04:47:43 | Lee李可以_ | #京城奇探# 真好看  真好看啊  我们中长剧又🈶自己的精品剧了！@翟子路 少爷真不戳 真会演啊 赵公子@马思超Kido 也是有老元这一代表角色了 哥 
2026-08-06T04:24:27 | 可爱炸了yb | #百花杀# 百花杀萧华雍沈汐壁纸更新#孟子义##何与#电视剧百花杀 
2026-08-06T03:53:12 | 拿牙女王 | 哈哈哈哈哈好评//@Dhwwxdl_:我一直以为他长这样会很珍惜粉丝，很珍惜工作
2026-08-06T03:50:18 | 小张只是路过_Dopamine | 萱圆xo 圆4.20号的直播这个圆，开播没几分钟就提了zzx说双女主开机。。。会比她进大组靠谱（船给我去亖）关于节目，不提倡大家整段搬运。支持二创和切片发布很喜
2026-08-06T03:08:16 | 愚乐二叔 | 主咖携伙伴们闪亮登场！上班时段开启直播，开播仅2分钟便暂别屏幕2小时；#主咖和Ta的朋友们# 正式落幕！呼兰质问谁上班全程直播 #呼兰# 愚乐二叔的微博视频 
2026-08-06T03:05:08 | 你的时尚偶像 | 邓超把狗绳系在颈间 #哈哈哈哈哈# #五哈第六季# #范志毅狗饭封神# 你的时尚偶像的微博视频 
2026-08-06T02:57:13 | balibiliban | 这一期tmap真的好萌啊啊啊，依旧封神不知道世界上为什么会有这么好看的团综！！！猴子们多拍点这种体验不同工作的团综也很不错诶！这群人在一起就是很好玩很好笑啊哈哈
2026-08-06T02:54:21 | 如果是只小猫OvO | 刚定档！《人鱼》领衔八月四部待播片单，题材差异化对冲，谁能抢占暑期档？八月份的屏幕前，各家平台开始亮出手里筹备多时的作品。在腾讯视频最新释出的片单里，四部被集中
2026-08-06T02:37:08 | ukiaoo | ？ 
2026-08-06T02:36:03 | 数码新探 | #张凌赫# #慕容清峄# #这一秒过火# 演技 每一个眼神都是戏 数码新探的微博视频 
2026-08-06T02:32:08 | 琴音无缘 | #这一秒过火# 我的评分：🌟亮点推荐： 
2026-08-06T02:18:08 | 遇东0122 | 郭营长 梁参谋 太好看了我去！看不够@欧豪 @蓝盈莹Lyric #兵自风中来##欧豪##蓝盈莹# 
2026-08-06T02:10:27 | 我有一颗小羊星 | #这一秒过火# 我的评分：值得看 
2026-08-06T02:03:58 | 大自然之女_Daughterofnature | #御廷谣# 导演疯得一批，镜头上不太克制，暴虐和恐怖镜头毫不收力，我作为很少快进只会选择直接弃剧的老看剧人也招架不住只好使用快进——带伴侣一起看开头还有中间一点
2026-08-06T01:50:31 | 来追一颗星星 | #这一秒过火# #追剧# #电视剧推荐# 来追一颗星星的微博视频 
2026-08-06T01:48:09 | Min9_5hi | 翟子路#翟子路卡西欧指尖玩家推荐官##翟子路好帅##翟子路京城奇探# 啊！哥哥先我跪了宝宝们支持一下dy好吗🥹 Min9_5hi的微博视频 
2026-08-06T01:31:31 | 1u榕宝 | 柳周cp  我又开始第一集了，每一帧我都不想错过，真的像在看偶像剧一样精彩，特别的真实！半熟我只看过第一季，中间三季我都没有看过，在短视频上刷到柳周的切片，忍不
2026-08-06T01:28:04 | 吃吃吃醋_ | #张凌赫王楚然这一秒过火没破万#演员、宣发、招商全部到位，奈何剧本节奏争议消耗路人观感。也能看出来，现在观众越来越吃内容本身，光靠阵容和营销，很难直接砸出一个标
2026-08-06T01:27:47 | 黑卜卜 | 黄杨钿甜 💛#黄杨钿甜女主剧人鱼开播# ：“那些媒体整天胡说八道，我们“人鱼”好着呢！” 
2026-08-06T01:25:54 | 只担未成年 | #张凌赫王楚然这一秒过火没破万#《这一秒过火》开播前坐拥超高期待，双平台预约量居高不下，张凌赫与王楚然的颜值适配，让不少观众对这部S+民国剧满怀期待，谁也未曾想
2026-08-06T01:23:58 | 小屎黑黑 | 超充实的四天第一天晚饭前五点过到家 知道姑姑妹妹要回来吃晚饭 我也要哈哈哈大家聊聊天 几个奶奶 我给她们带了面包 急急忙忙吃饭然后出去和舅公的小孩 同龄亲戚散步
2026-08-06T01:22:06 | 可爱炸了yb | #这一秒过火# 这一秒过火慕容清峄任素素壁纸更新#张凌赫##王楚然#电视剧这一秒过火 
2026-08-06T01:10:41 | 一条没有理想的鱼_ | 丁禹兮#丁禹兮花开锦绣# 💚#花开锦绣定档0809#亦邪亦正眼藏锋，晋江式演技再创新🎬@丁禹兮 携赵凌归来，㊗️开播大吉，一切顺利！预定《花开锦绣》爆款新章💥💚
2026-08-06T01:07:19 | 火灵儿散粉 | 完美世界动漫运营带头在500人大群里面褥女，造女性黄色💊言！不把女性当人看！必须下架，完美世界活着都是浪费资源，不尊重女性的动漫没有必要播，快点下架停更，永不复
2026-08-06T00:59:59 | 720颗星星 | 很好很好，花开你很好，单人版头，其他版头人物位置也很好 
2026-08-06T00:58:44 | YYfufufu | 好搞笑和周美芳打着电话 突然袁一琦开播了我说我宝宝来电话了 周美芳“啊那你要接吗”哈哈哈好可爱 
2026-08-06T00:56:20 | 喜欢好看的i | 这一秒过火，从导演-编剧-预告剪辑-后期宣传，全程都在倒油。大结局了还在倒。致力于不放过每一个倒油机会（最后几集那预告剪的……能把人气死……大结局剧宣封面选的…
2026-08-06T00:52:54 | 田大漂亮的微博 | 爱严浩翔的第1956天，小严晚上好呀～!过了0点了应该要说今天见啦~！😁🥰今晚见呀小严~😉 晚上畅玩了一下 一直到快0点才回来 在路上还遇到了两个看完演唱会的妹
2026-08-06T00:46:27 | 给啵摘星 | #张凌赫王楚然这一秒过火没破万#、热度数据：爱奇艺未破万，腾讯平台表现平平爱奇艺热度：剧集大结局点映收官时，爱奇艺站内最高热度为8228，未能触及“破万”门槛。
2026-08-06T00:46:24 | 追风少年爱看剧 | ❤「这一秒过火」超前完结33集全 ❤「昭阳公主」更新17集   孔雪儿 李宏毅 ❤「九门」更新14-15集  ❤「御廷谣&amp;江山为聘」更新16-17集  
2026-08-06T00:43:55 | 想去看这个花花世界 | 丁禹兮 哈哈哈怎么那么可爱捏，悄咪咪的  #花开锦绣定档0809# #花开锦绣风雨谋途版预告# #丁禹兮花开锦绣# #丁禹兮#
2026-08-06T00:38:20 | 小柿子和橙子 | 张凌赫、王楚然主演的《这一秒过火》迎来大结局点映收官。剧集播出全程，平台站内热度最高来到8228，始终没能到达平台热度万值档位。这部剧演员阵容亮眼，开播初期网上
2026-08-06T00:27:58 | 舞班蝶韵 | 春晚 提到张韬，就像是“低情商”“尬聊”的代名词🍉🍉🍉🍉🍉🍉🍉🍉🍉🍉🍉🍉🍉🍉🍉🍉🍉🍉🍉🍉🍉 在央视文艺主持体系中，舞台功底决定一名主持人的业务下限，而情商分寸、
2026-08-06T00:26:24 | 岭舟川 | #张凌赫王楚然这一秒过火没破万#爱奇艺：站内最高热度8228，距离破万门槛差约1772腾讯视频：站内最高热度24506，未达到30000的破三万标准大结局日：爱
2026-08-06T00:17:55 | 治愈念 | 暑期档的对比结果十分现实残 酷双平台热播更新的《这一秒过火》热度不敌收官许久的《百花杀》，后续发展后劲不足。《九门》市场占有率遥遥领先，成为暑期档最大的赢家。这
2026-08-06T00:15:38 | 41ee记事簿 | 小刘下班后杀来接我 我们就去了火车站 结果到那人巨多 一看屏幕哈哈哈晚点俩个点 于是打算出站去吃个饭 问了乘务员一嘴 极力劝我们去坐高铁 等不到火车了 于是火速
2026-08-06T00:12:20 | 计剧 | 黄杨钿甜，你别挣扎了因为这个原因，糊是你注定的结局即使有董勇和陈创这样的老戏骨为你作配，也依然提升不了你木讷的演技。电视剧《人鱼》开播，我连看四集，悬疑题材挺让
2026-08-06T00:10:04 | 5G冲浪君 | 网传古装剧《千夜奇谭》定档8月15日开机，主演确定为李兰迪与何与。何与凭借《百花杀》里的古装造型收获了不少好评，古风扮相出众，和李兰迪搭档组成CP，颜值与氛围感
2026-08-06T00:07:52 | 唯婧是祎 | 鞠婧祎 今天美美的批完了一张照片去快手上刷视频发现消息有很多，点进去发现是骂我的，起因竟是我以前发的评论，我说“谁懂一看到侯明昊就想到《入青云》里面的纪伯宰，《
2026-08-06T00:07:05 | Miuimi | #现在就出发# 啥时候开播 等不及了已经 dy上刷切片都感觉好好玩 
2026-08-06T00:06:22 | 计剧 | 这就是二月红？虽然很喜欢徐正溪，但还是觉得，他在《九门》饰演的新版“二月红”少了点味道。说实话，看《九门》 让人恍惚间有点出戏。毕竟徐正溪才在《百花杀》中靠痴情
2026-08-06T00:04:51 | 南珂一梦_Mk | 哈哈哈哈哈哈哈哈哈哈哈//@鑫航路开辟-:啊啊啊//@拔丝提拔提://@芙芙登记簿-:啊啊啊啊啊啊啊//@-跟你莓丸-:笑死我了//@吃我一记榴莲飘飘拳://@
2026-08-06T00:02:27 | x的微笑 | #这一秒过火全员be#好了，可以弃剧了，生活不容易，不想剧里找玻璃渣吃，我去追甜甜的短剧啦～ 
2026-08-05T23:59:32 | 唐三又开挂了 | 十个勤天种地吧第四季杀青后不知道第几天（2026.8.5）日常：赵小童三森万物直播何浩楠王一珩《喜欢你我也是第六季》1小跟班发了微博网页链接 和工作室发了微博网
2026-08-05T23:58:08 | 虎爷周星_ | 央卫视7月黄金档剧集酷云、cvb日关注度趋势（更新中）CCTV-1《#江海潮生# 》7月20日              第1-2集      1.2663% 
2026-08-05T23:48:43 | me不爱吃胡椒 | 民国爱情十有九悲就这样结束了小过火，我们过火结局狠狠升华了，这部剧夯爆了，立意太高了！大结局狠狠升华了！乱世之中，哪有那么多圆满相守。一个个选择舍小我、顾大家，
2026-08-05T23:46:25 | Lyn的卡拉米- | 摩登兄弟摩登兄弟#刘宇宁小贝# 🐾#刘宇宁玫瑰丛生# 🐾#刘宇宁的2025巡演#  🐾摩登兄弟 从歌手到演员零差评多赛道领跑#刘宇宁地球超新鲜# @摩登兄弟刘宇
2026-08-05T23:46:23 | 螺蛳粉炸蛋剧好吃 | #这一秒过火番外慷慨且大方##张凌赫王楚然早就应该这么拍了#狗血的预告就不能好好剪么！！多美好的画面啊 螺蛳粉炸蛋剧好吃的微博视频  
2026-08-05T23:45:47 | 梨泪清_pear | 《百花杀》大结局：全员吃红利，配角集体出圈，何与却开播即挨骂！是演技不行还是角色坑人？ 
2026-08-05T23:40:30 | ouoi43 | 看这一期不笑的封神了 搞笑程度能在我这排前三哈哈哈哈哈哈哈 
2026-08-05T23:39:28 | 不是憨憨爱叭叭 | 这年头，小三也emo小三也得努力营业出海钓鱼🎣……最近的账号都脏了，老刷出来些不三不四的人。各类运动上班同时抓，你踏马能抓住个寂寞呢，别去装逼，真健身就上数据。
2026-08-05T23:39:03 | 嗳瀆 | 《京城奇探》太好看了❤️ 
2026-08-05T23:35:08 | 噗嗤女孩的欢乐 | #这一秒过火全员be#每个人的牺牲都是为了国家大义（除张家） 秒火真的很值得看 
2026-08-05T23:35:06 | 叮呢- | 小姨来给送的乔迁礼物，四件套，我看我妈喜欢的不行，哈哈哈哈哈−苦尽甘来，确实挺好喝嗷，但是我喝了半杯难受了一天，每次有点咖啡胃里就不得劲−带小雨吃鱿鱼面，得到好
2026-08-05T23:33:53 | 辛巴的承欢 | 那个人鱼电视剧还挺好看的，也是悬疑剧，所以我们醉梦什么时候能上@杨阳导演 
2026-08-05T23:33:10 | 热血澎湃的小小冯 | 要是明天不上班 现在就出发去看海  抖音推荐的那年今日 在圣象天门拍的视频 太太太浪漫了 给自己看笑了 这才是小冯该有的样子嘛 自由自我 等放假了一定用脚步去丈
2026-08-05T23:32:36 | sunahaahahahzY | 欧豪能不能多演几部电视剧给我看看🧐🧐最近看了他的《兵自风中来》大事很妙啊！就是喜欢他身上那股劲，演啥像啥好看！！什么时候演点偶像剧康康 
2026-08-05T23:29:23 | 余生好好过1978 | 我朋友还有我闺蜜跟我一样——听说《这一秒过火》张凌赫演的那个慕容清峄最后si了。下线了。都弃剧了，接受不了！亲爱的下线！毕竟大家是冲着帅帅的最爱的凌赫看剧的。我
2026-08-05T23:27:40 | 黑猪猪猪啊 | 廉价摇滚乐全明星阵容哈哈哈哈哈哈哈真不行了 
2026-08-05T23:26:32 | 麦辣蟹皇堡 | 我今天本来要做 T，开始反 T 挂高了没卖出去，下午就做正 T吧，结果变加仓，而且是一不小心来了把狠的加了 2000 股。五点看到🐲餐馆定档的消息，妈的笑疯了哈
2026-08-05T23:25:08 | 杨若琦Isabella | 我最爱的演员沈腾，新电影《欢迎来龙餐馆》定档8.11号啦……到时候一定要去看。哈哈哈😄 
2026-08-05T23:24:41 | 柠檬甜味儿 | 这一秒过火大结局，王楚然还有的待播剧：《烽影燃梅香》《明月录》《浮生》#王楚然还有三部待播作品#上半年虞晚音，钱菲，任素素/方牧云，角色反差太大了，昆曲造型也是
2026-08-05T23:20:32 | 凌然立清风 | #张凌赫慕容清峄#🪐 #张凌赫这一秒过火#⚡ #张凌赫慕容清峄#🪐 #张凌赫这一秒过火#⚡ #张凌赫慕容清峄#🪐 #张凌赫这一秒过火#⚡ #张凌赫慕容清峄#🪐 
2026-08-05T23:20:01 | 泪点奇低的周周 | #这一秒过火全员be#除了看脸，这个剧情太老套了，大哥死了我就已经弃剧了，现在全员be，我觉得我不看就对了，年纪大了，看不了这种悲剧，不虐硬虐真受不了 
2026-08-05T23:19:34 | 凌小周1230 | #张凌赫慕容清峄#🪐 #张凌赫这一秒过火#⚡ #张凌赫慕容清峄#🪐 #张凌赫这一秒过火#⚡ #张凌赫慕容清峄#🪐 #张凌赫这一秒过火#⚡ #张凌赫慕容清峄#🪐 
2026-08-05T23:18:53 | 是黑黑呀影视俱乐部 | #兵自风中来# 资源👇更新至第30集 
2026-08-05T23:14:37 | Raccoon_米粒 | #这一秒过火全员be#一直想看一直没看 全员be真看进去了能让我难受好几天 还没开始看就被迫弃剧 永远接受不了be 
2026-08-05T23:13:57 | 用户7999153889 | 侯明昊  今天一同事说雀骨难看，弃剧了。给我安利百花杀。百花杀我开了两集就看不下去了，男人太多分不清谁是谁，女主全程一个表情不知道在干嘛。我不能直接骂她毫无审美
2026-08-05T23:10:07 | 天高云淡0302 | 孟子义 丁禹兮和邓恩熙的《花开锦绣》要播了，看了预告还是挺不错的，吱吱的小说改编，服化道又是明制，有爆剧潜力。看到有张萌，一搜好家伙，居然是耀客的剧。这服化道一
2026-08-05T23:08:21 | 炼心爱看剧 | 【热播推荐】欧豪《兵自风中来》更新1-30集4K+1080度/夸/雷 三盘青年军官郭子剑因“冒传军令”破格提拔，却因演习失误险遭转业。面对强敌蓝军，他整合无人机
2026-08-05T23:06:51 | 路清澈 | 路清澈美美哒#这一秒过火都死了只有素素活着#看了后面几集的预告太难过了，素素一个人带着孩子要一直活在念想中了么？不想看全员be 
2026-08-05T23:06:12 | Miraclezc | 我要开始看这一秒过火点映礼了祝我好运，我看完最后五集预告已经哭得稀里哗啦了 
2026-08-05T23:06:01 | 爱困的猪妞 | #孟子义百花杀# 让我们恭喜百花杀27天进入腾讯拉新年榜！ 至此孟子义四年四部女主剧全部进入年榜，全部做到海外登顶☝🏻 恭喜孟子义女主剧拉新进年榜率100%！ 
2026-08-05T23:04:39 | 最爱自己11111 | 哈哈哈 再也不磕rps了 他们只想热演掏粉丝的兜 赚够了就不演了 售后差评 
2026-08-05T23:02:15 | buzhidaozhibu | #这一秒过火全员be#不要啊 be我真的会弃剧 
2026-08-05T22:56:37 | 小咖啡樱桃呀 | 你今天豹豹了吗哈哈哈哈哈哈哈#﻿丁禹兮赵凌# #丁禹兮花开锦绣# #丁禹兮# #花开锦绣定档0809#
2026-08-05T22:55:27 | 用户9008988761 | #百花杀# 我的评分：🌟亮点推荐： 
2026-08-05T22:55:14 | 湛柏z | 张凌赫#胡杏儿回复张凌赫点菜#我服了，我花18块钱看大结局，看一集给我哭一集，基本上每一局死一个人，李柏则杀cs会长死了，李荣彰为红丸死了，来一为清峄死了，叶芝
2026-08-05T22:53:26 | 梓壹呀 | 第四章早饭不能吃蚊子分班结果出来后，陈一肉眼可见的上学更有激情了。九月后天气还不错，不同于暑假的酷热潮湿，天气变的有些干燥了。“咚咚。”熟悉的敲门声响起。楚优用
2026-08-05T22:50:05 | 狂追剧场 | 崭~: 网页链接 提取码: wfd9 江~海: 网页链接 提取码: j7uv 兵~: 网页链接 提取码: 8srx 
2026-08-05T22:49:26 | 竹叶青_seven | 刷了一些京城奇探直播reaction的切片，只能说直男麦起来真是没轻没重的。翟子路真的是，撩起来没完没了，关键对方还接着。害我我一刷他俩就姨母笑个不停。然后看《
2026-08-05T22:48:19 | 丁禹兮是个漂亮宝儿 | “追星路途漫漫，热爱心动不止” 𝐒𝐭𝐚𝐫 𝐥𝐨𝐧𝐠 𝐫𝐨𝐚𝐝, 𝐥𝐨𝐯𝐞 𝐡𝐞𝐚𝐫𝐭 𝐦𝐨𝐫𝐞 𝐭𝐡𝐚𝐧.@丁禹兮
2026-08-05T22:42:44 | 柚子味玉米糖 | #这一秒过火全员be#《这一秒过火》全员BE：民国虐恋的“情绪生意”与长剧短剧化的创作困境2026年8月5日，民国虐恋剧《这一秒过火》迎来大结局。正片中三对CP
2026-08-05T22:40:26 | 文锦洛酱 | #王楚然还有三部待播作品#王楚然刚刚完结《这一秒过火》，目前手握三部待播作品，分别是《烽影燃梅香》《浮生》和，其中一部有望年内见面。一、三部待播剧阵容与题材剧名
2026-08-05T22:40:17 | 入春愿 | 你要问我易军给秒火带来了什么：是数不尽的怼脸镜头和抠图质感的雷霆后期是和剧本不一致的魔改剧情和be结局是屎一样的叙事和镜头语言，和糊了猪油一样的滤镜是不如路人手
2026-08-05T22:39:49 | 丁丁猫--er | #这一秒过火全员be# 有点想弃剧了，不想看那些割心巴子的，就不能甜一点吗，生活已经很苦了 
2026-08-05T22:36:26 | 痛志 | 我终于把百花杀追完了最近还有啥好看的剧不 
2026-08-05T22:35:43 | 一只路过的皮卡胖丘 | #孟子义# #孟子义百花杀# 《百花杀》开播初期曾面临短视频平台宣发限流、下沉市场推广受阻的行业困境，在天然宣发劣势下，《百花杀》能够实现热度逆势增长，核心依托
2026-08-05T22:34:01 | 炼心爱电影 | 【热播推荐】欧豪《兵自风中来》更新1-30集4K+1080度/夸/雷 三盘青年军官郭子剑因“冒传军令”破格提拔，却因演习失误险遭转业。面对强敌蓝军，他整合无人机
2026-08-05T22:32:45 | 某嗖 | 看了预告我还蛮想看//@冰小炎:哈哈哈到底拍了什么定档这么艰难//@洛安吉://@文牧野:
2026-08-05T22:30:59 | 白昀0929 | #周深和他的脱口秀朋友们##周深脱口秀和ta的朋友们3#左看右看上看下看，@卡布叻_周深  都是我喜欢的样子呢！这份快乐是真实的吗？行走的海报，比今天更好看的只
2026-08-05T22:30:06 | 木木木木木木呀呀 | #这一秒过火全员be#其实我追到霍家灭了之后女主又要复仇李家就弃剧了 看得我有点累 一直在复仇慕容清峄好苦 任素素也好苦 
2026-08-05T22:29:13 | 圈内疯子 | 现在就出发4海南开录阵容曝光男嘉宾全员回归，王楚然新任女常驻，海岛路透笑点与颜值双双在线。 圈内疯子的微博视频 
2026-08-05T22:27:26 | 第二人称暗恋 | 八月三日！2026热度最高的7部电视剧排名，《九门》9898飙升至第一名！第一《九门》热度98987月30日上线的这部《老九门》的续作，短短几天热度就飙升至20
2026-08-05T22:26:43 | ·小玉有起 | 这一秒过火的导演可以拉黑了…短剧看多了..一堆土味dj音乐..梦幻滤镜.. 5毛钱特效背景抠图…拍的啥啊我光是看zlh和wcr的颜都有点看不下去了 
2026-08-05T22:25:36 | 卡布叻_深辞 | 马思超kido 致《京城奇探》：当民国京城的晨钟暮鼓于荧屏前缓缓回响，当波谲云诡的时代迷雾被光影层层拨开，我们满怀热忱与感动，向这部刚刚圆满收官的民国探案佳作《
2026-08-05T22:25:35 | 想养西高地- | #这一秒过火全员be#给我二搭！谁懂好久好久没有遇到一部电视剧男女主都是我喜欢的了，真的这部剧是颜狗的天堂，除了虐没有差评 
2026-08-05T22:25:04 | 卡布叻_深辞 | 翟子路 致《京城奇探》：当民国京城的晨钟暮鼓于荧屏前缓缓回响，当波谲云诡的时代迷雾被光影层层拨开，我们满怀热忱与感动，向这部刚刚圆满收官的民国探案佳作《京城奇探
2026-08-05T22:24:47 | 爱吃钢丝球的小赫 | 电视剧这一秒过火 今天超点也结束了故事来到了最后的阶段其实很感慨吧这部剧从开播到现在有很多争议 我看到最后才知道这个根本就不是一部普通的偶像剧它承载了很多 可能
2026-08-05T22:22:59 | aka-jojoy | 人鱼冲这质量还可以再发酵的，目前认真看过的无差评小目标慢慢来，明天能到23000就谢天谢地冲下22500 
2026-08-05T22:22:24 | 萝卜鱼吃榴莲 | 龙餐馆定档了嘻嘻嘻嘻嘻嘻又有电影看了哈哈哈哈哈，爽之 
2026-08-05T22:20:26 | 赵暖爱被窝 | 百花杀也是看完了，来给我推荐古装剧，最好是仙侠 
2026-08-05T22:20:08 | 心绪萌汐 | 百花杀热播期第27天进年榜，孟子义四年四部女主剧全部进年榜拉新进年榜率100%腾讯2026年开播剧中仅有五部剧热播期进年榜，S级独播古偶第一☝🏻 
2026-08-05T22:17:13 | LYN左左 | #刘宇宁开始推理吧# | #刘宇宁可口可乐品牌代言人# | 摩登兄弟   从歌手到演员零差评多赛道领跑#刘宇宁地球超新鲜# @摩登兄弟刘宇宁 撞地球JUMP 平
2026-08-05T22:16:24 | 舟渡长河- | 京城奇探快二刷完了，好无聊这么好看的剧就不能有个第二季吗 
2026-08-05T22:16:01 | 冬冬鼓 | 谁能想到？娱乐圈最可惜的演员，居然是资源、家境全都顶配的翟子路！    2018年，翟子路从中央戏剧学院出来，第一部戏就踩进了有原著IP加持的《全职高手》剧组。
2026-08-05T22:15:11 | ·沉白 | #周深和他的脱口秀朋友们##周深脱口秀和ta的朋友们3#我好想变成一阵风路过@卡布叻_周深  的身边，轻轻告诉他，天很蓝，你的眼睛真好看。 
2026-08-05T22:14:45 | 卡布叻_深辞 | 鸿少肉                                             致《京城奇探》：当民国京城的晨钟暮鼓于荧屏前缓缓回响，当波谲云诡
2026-08-05T22:10:07 | 卡布叻_深辞 | 马路牙子cp                                        致《京城奇探》：当民国京城的晨钟暮鼓于荧屏前缓缓回响，当波谲云诡的时
2026-08-05T22:09:58 | 穷鬼理子 | 新加坡之旅的MVP出现了，米二斯里兰卡fusion菜Cloudstreet，单论创意吊打之前在新加坡吃过的任意一家+香港所有米二。虽说是斯里兰卡fusion，但
2026-08-05T22:09:54 | 用户7142483254 | #这一秒过火# 我的评分：🌟亮点推荐：非常值得看得一部剧 
2026-08-05T22:09:36 | 一罐小小可乐 | 就是说，这个京城奇探怎么这么好看啊！！！再好看的电视剧我都不二刷，唯独这个京城奇探！看完这么长时间了，还走不出来，果断再看一遍~@翟子路 @马思超Kido 你俩
2026-08-05T21:48:33 | 我耙耙柑哪去了 | 10//@婉婠绾:完美世界动漫运营带头在500人大群里面褥女，造女性黄色💊言！不把女性当人看！必须下架，完美世界活着都是浪费资源，不尊重女性的动漫没有必要播，快
2026-08-05T21:48:31 | 我耙耙柑哪去了 | 9//@婉婠绾:完美世界动漫运营带头在500人大群里面褥女，造女性黄色💊言！不把女性当人看！必须下架，完美世界活着都是浪费资源，不尊重女性的动漫没有必要播，快点
2026-08-05T21:48:25 | 我耙耙柑哪去了 | 7//@婉婠绾:完美世界动漫运营带头在500人大群里面褥女，造女性黄色💊言！不把女性当人看！必须下架，完美世界活着都是浪费资源，不尊重女性的动漫没有必要播，快点
2026-08-05T21:48:22 | 我耙耙柑哪去了 | 6//@婉婠绾:完美世界动漫运营带头在500人大群里面褥女，造女性黄色💊言！不把女性当人看！必须下架，完美世界活着都是浪费资源，不尊重女性的动漫没有必要播，快点
2026-08-05T21:48:20 | 我耙耙柑哪去了 | 5//@婉婠绾:完美世界动漫运营带头在500人大群里面褥女，造女性黄色💊言！不把女性当人看！必须下架，完美世界活着都是浪费资源，不尊重女性的动漫没有必要播，快点
2026-08-05T21:48:17 | 我耙耙柑哪去了 | 4//@婉婠绾:完美世界动漫运营带头在500人大群里面褥女，造女性黄色💊言！不把女性当人看！必须下架，完美世界活着都是浪费资源，不尊重女性的动漫没有必要播，快点
2026-08-05T21:48:09 | 我耙耙柑哪去了 | 2//@婉婠绾:完美世界动漫运营带头在500人大群里面褥女，造女性黄色💊言！不把女性当人看！必须下架，完美世界活着都是浪费资源，不尊重女性的动漫没有必要播，快点
2026-08-05T21:48:06 | 我耙耙柑哪去了 | 1//@婉婠绾:完美世界动漫运营带头在500人大群里面褥女，造女性黄色💊言！不把女性当人看！必须下架，完美世界活着都是浪费资源，不尊重女性的动漫没有必要播，快点
2026-08-05T21:45:15 | 那颗眼角痣_Neo | #夏日爱心站#✂️ #侯明昊雀骨# |#侯明昊萧无衣# | #侯明昊属于我们的巡回演唱会# ｜独学学不如众学学大家一起來試試吧@侯明昊本集分享如何打马塞克应用功
2026-08-05T21:44:30 | 2026小猪xz | 京城奇探，好看。
2026-08-05T21:42:55 | 小晖hui- | 来一波剧照@马思超Kido @翟子路 #京城奇探定档##马思超##翟子路# 
2026-08-05T21:37:14 | 钢镚叮叮响 | 兵自风中来  更新1-30集4K+1080P先后取～ 
2026-08-05T21:34:11 | 雨心缘缘 | 舞蹈新风暴8.5录制repo* 小雨ootd-亮橙色 修身上衣 有一点高领 看不出牌子 看起来偏运动风 衣袖很长 可以盖住手掌 -宝宝把衣服拉链拉下来了一点 露
2026-08-05T21:33:47 | 哈ha1_ | #这一秒过火全员be#刚充了vip 求真实评价推荐！这个剧值得看吗！ 
2026-08-05T21:30:04 | 半岛晨报 | 最近在播的剧集一览，你在追哪部剧呢？《九门》陈伟霆、曾舜晞、陈瑶《御廷谣》吴谨言、陈哲远《天才女友》田曦薇、胡一天《这一秒过火》张凌赫、王楚然《兵自风中来》欧豪
2026-08-05T21:25:07 | id修改失败昵称不可用 | 话说这是换大运前最顺心的两年了，衬得一进甲戌大运急转直下。我要给差评！极差。哈哈哈哈哈
2026-08-05T21:24:31 | 简可坏就不可爱jkls | 沉浮事广播剧本集tag：#哭哭哭，魂都被你哭没了# #书生的美貌，鬼王的荣耀# #辛德瑞江和鬼王教父# 哈哈哈哈哈哈剧组太有意思啦！一个小时多！时长好评 扩写扩
2026-08-05T21:22:30 | 用户9038636942 | 彪子你是数据博主吗你不配当吧
2026-08-05T21:04:50 | 抹茶Mintgreen | #孟子义连续四部剧进拉新年榜#26.08.05 姐姐🍠更新✨💎🪄我还有呀🫶🏻🌸@孟子义 #美孟收录地# #孟子义何与百花杀进年榜# 
2026-08-05T21:00:00 | 电视剧兵自风中来 | #兵自风中来# 打胜仗的底气，要自己说了算。每晚19：30，#兵自风中来# CCTV-8@CCTV电视剧 @爱奇艺 @腾讯视频 不见不散！ 
2026-08-05T20:58:29 | 捡数据 | #捡数据# 26年8月5日，《兵自风中来》更新两集到第30集。继续双平台无广。腾讯继续累计30集无广。 爱奇艺22集无广。双平台一共合作1个品牌。 
2026-08-05T20:53:39 | 暮雨菱枫 | 肖战#肖战##莫得闲剧好看今日开播#xz#莫得闲剧好看上线#山河动荡，小镇藏锋。《莫得闲》择八一节点开播，借戈止镇一隅，写乱世众生风骨。肖战落地塑造角色，把普通
2026-08-05T20:53:34 | 用户7990204527 | 京城奇探#京城奇探# 好看爆了，超级推荐！！！！ 
2026-08-05T20:51:19 | 肚里全是墨 | 小说txt分享#热门小说推荐# 📖：【番全92】《你的雪人能活多久》作者：稚楚.txt《野狗骨头》作者：休屠城.txt《我花开后百花杀》作者：锦凰.txt《江山
2026-08-05T20:51:18 | 共饮一杯热茶 | 完结剧热播期数据更新：2026/8/4 #爱情有烟火##云秀行# #千香# #灿如繁星﻿# #野狗骨头##雀骨# #百花杀# 
2026-08-05T20:51:05 | 九昊日记 | 有谁在看《兵自风中来》…特别好看。 
2026-08-05T20:47:21 | ForChuran_Qx | #这一秒过火全员be#真的感觉大家演技都好在线啊！太有带入感了！一整个哭死这部剧真的太值得看了 
2026-08-05T20:40:17 | 采心2013_28581 | 看《百花杀》，真是百转千回。一开始看的时候，觉得蛮有意思的，当剧情来到几个皇子围着女主不断求娶，还硬生生拍了好几集，我就差点看反胃了，觉得剧情没有营养啊，真想给
2026-08-05T20:32:40 | 小忆不想喝药 | 表面是个预告，事实上已经是全部内容了@范帅琦 @董子凡要努力 比官方剪的还震撼美味！！
2026-08-05T20:30:42 | 白菜省钱专家 | 最后几天，腾讯视频会员🔥活动来了！太给力了，需要的抓紧入‼️VIP会员12个月，158元，购买戳👉【连续包年】腾讯视频VIP会员年卡1年费腾讯VIP12个月 这
2026-08-05T20:28:15 | 追剧二猫子 | 兵自风中来先👍后取D：网页链接 
2026-08-05T20:28:12 | 冬日离别季 | 九门单更破5000w！过火开启超点头部梯队：九门一骑绝尘- 九门：单更依然保持了极强的统治力，单日破5000w，占比高达28.6%。这数据表现，妥妥的暑期档霸主
2026-08-05T20:26:37 | Tender_宁月湾_ | 蓝调时刻💙 田栩宁 梓渝中国美食 美食打卡 美食剪辑 豁达乐观 永远保持积极的态度21世纪大军夫人 李知恩（iu） 边佑锡 𝐇𝐢𝐝𝐞｜综艺精选剪辑｜现在就出发搞
2026-08-05T20:23:45 | 叮铃铃的猫窝 | 沈腾主演喜剧《欢迎来到龙餐馆》定档8月11日，暑期档的大片终于等来了、盼来了、要上映了！暑期档不能没有沈腾啊，哈哈哈。#夏日游园会##电影欢迎来到龙餐馆官宣定档
2026-08-05T20:18:46 | 剧影小丸子 | 分享图片 
2026-08-05T20:14:22 | 不开倍速是好剧 | d：网页链接k：网页链接 
2026-08-05T20:14:05 | 爱体育的小柠檬 | #夏日爱心站#百花杀更新完了，快去看真的超级好看！孟子义 
2026-08-05T20:13:03 | Jean2025_ | 盛夏八月|手机壁纸|夏日氛围感|全屏|8k|iPhone壁纸|可爱头像｜既听山风也看瀑落 ｜音乐分享 ｜音乐推荐 ｜侠｜Wechat｜音乐分享｜现在就出发搞笑片
2026-08-05T20:08:04 | 哆啦爱梦爱追剧 | 百花杀 更至第36集资源+番外+剧综（夸+ 度）4K臻享⬇️ 
2026-08-05T20:07:33 | 惊奇脑洞 | #兵自风中来# #兵自风中来欧豪# #兵自风中来定档# 兵自风中来开播 兵自风中来看点 惊奇脑洞的微博视频 
2026-08-05T20:07:25 | 错位的视线变成你我的红线 | 开播仅1天被喊下架！白鹿莫离砸重金做妆造！剧情却烂到底，砸了30万的嫁衣，也救不回那场被骂到下架的闹剧。2026年6月9日，白鹿穿着一件造价高达30万的嫁衣，端
2026-08-05T20:06:59 | 糖糖爱追影 | 《百花杀》更新36集+番外+剧综 4K资源2026⬇️评 夸克 +度👍🏻取 
2026-08-05T19:47:32 | 只想做佛系咸鱼 | 《兵自风中来》比同期来看还凑合的一个电视剧,结果今天的第一个镜头就是女警察抱了郭子剑。。恶心的一批。。你俩多熟悉呢？第二次见面而已,都成年人了都点边界感好不？把
2026-08-05T19:44:17 | _老哈_ | 【编剧卡】预告3
2026-08-05T19:41:56 | 玻璃海眠于风 | 啊啊啊啊啊啊好可爱你俩一个是派大星一个是蜡笔小星一星一意
2026-08-05T19:39:33 | Kominwan_ls_ | 某场特典会我口出狂言，说婷子毕业的返切我要写一篇超越从前的巨幅小作文。回头我就后悔了，我咋能写出那么多！但当我建立起这个草稿，不知不觉就越写越长了。我还是有很多
2026-08-05T19:35:07 | 伤心过时了 | 他俩二搭绝对值得看
2026-08-05T19:34:44 | 早春线 | 哈哈哈哈哈哈//@00后离异带五娃:啊啊啊//@枯雾巷:啊啊啊啊//@蝶栖一笙:我真不行了//@抱歉你爸是我妈:我不行了//@电子蝴蝶会不会梦到仿生登_:差评不
2026-08-05T19:32:22 | 一桑浔_sunny | 哎呦好萌//@五登悦不悦:哈哈哈//@--Rainm1st-:啊啊啊//@00后离异带五娃:啊啊啊//@枯雾巷:啊啊啊啊//@蝶栖一笙:我真不行了//@抱歉你爸
2026-08-05T19:31:53 | 冬夜雾霭_ | 啊啊啊啊啊//@00后离异带五娃:啊啊啊//@枯雾巷:啊啊啊啊//@蝶栖一笙:我真不行了//@抱歉你爸是我妈:我不行了//@电子蝴蝶会不会梦到仿生登_:差评不看
2026-08-05T19:31:27 | 别让她这样 | 我哭了//@00后离异带五娃:啊啊啊//@枯雾巷:啊啊啊啊//@蝶栖一笙:我真不行了//@抱歉你爸是我妈:我不行了//@电子蝴蝶会不会梦到仿生登_:差评不看登语
2026-08-05T19:28:51 | 在瑜伽馆磨豆浆的猫咪 | 胡先煦胡先煦#胡先煦# 🦊#胡先煦现在就出发#你笑起来真好看，像春天的花儿一样ヾ(@^∇^@)ノ@演员胡先煦 
2026-08-05T19:22:41 | 开心1005DAYTOY | 肖战#莫得闲剧好看今日开播#xz#莫得闲剧好看上线#山河动荡，小镇藏锋。《莫得闲》择八一节点开播，借戈止镇一隅，写乱世众生风骨。肖战落地塑造角色，把普通人的胆怯
2026-08-05T19:21:36 | 夏夏啊 | 张骏这期封神！刷了好几遍了！思想的维度都不一样了！原来这种事也都能有共鸣！真的越来越像Chandler @张骏coolhorse 脱口秀和ta的朋友们 
2026-08-05T19:13:35 | _Kidult_Y | #李耕耘兵自风中来#☁️ #兵自风中来开播# 高连长不见不散
2026-08-05T19:06:57 | 电影投影仪 | 萧长卿终于确信沈汐和就是亡妻，执念愈发疯魔痴狂… #微博视频号迎新计划##微博二创视频创作季##年度好剧推荐##影视剪辑##一分钟视频创作季#孟子义 电影投影仪
2026-08-05T18:59:20 | _小柠七是大七七吖_ | #百花杀# 我的评分：《百花杀》整体剧情紧凑高能、权谋复仇线张力拉满，一体双魂的核心设定极具新鲜感与冲击力，看点十足。孟子义的演技是整部作品的最大亮点，表演实力
2026-08-05T18:54:48 | 冬日离别季 | 李兰迪要跟何与合作了网传古装剧《千夜奇谭》敲定李兰迪、何与担任主演，定档8月15日正式开机。何与凭借《百花杀》收获不少口碑，精致的古装扮相圈了一大波好感，和李兰
2026-08-05T18:48:05 | 颜与YY_ | 𝐇𝐢𝐝𝐞｜搞笑综艺名场面｜现在就出发 奔跑吧兄弟片段｜音乐分享 感觉至上萌宠头像｜治愈系头像头像安利｜卡通手绘｜软萌头像｜审美封神｜可爱爆棚｜毛茸茸萌物｜平板全
2026-08-05T18:35:44 | 芝士酥喔 | #雀骨# 剧荒随便点开了这部剧，前两集感觉一般般吧（吃饭的时候随便看看），但是后面越看越上头，3天全看完，剧情挺快的，不拖沓，而且每一集的信息量很大，男女主的感
2026-08-05T18:21:12 | 种草小行星 | 热播好剧不停更新：权谋爽剧《百花杀》、民国虐恋《这一秒过火》、悬疑好剧《醉梦》，古装、民国、悬疑多种题材，高能剧情不间断！ 下饭综艺精彩上新：恋爱观察《半熟恋人
2026-08-05T18:20:16 | 种草小行星 | 蹲到了，腾讯视频会员🔥活动来了！太给力了，需要的抓紧入‼️VIP会员12个月年卡，158元，购买戳👉【连续包年】腾讯视频VIP会员年卡1年费腾讯VIP12个月 
2026-08-05T18:09:36 | 辽宁卫视 | 把夏天和玻璃海装进相册......大连的这片玻璃海，你没有不来的理由！#带你游辽宁现在就出发# 网页链接 
2026-08-05T17:57:33 | 黄油力比多 | 【鸿商】少帅驯服指南2（官方预告AU）1全是视频预告的内容所以正文从2开始想写个少帅从小暗恋七娘的剧情鸿少肉京城奇探马路牙子cp 
2026-08-05T17:54:41 | Jend_7 | #京城奇探官微# 我的评分：🌟亮点推荐：演技不要太好了老公….. 
2026-08-05T17:52:45 | 八月赫安 | 哪个角色最触动你呢？ 哪个角色最触动你呢？慕容清峄 我的点评：#超会评开分#不翻我，差评@张凌赫z 
2026-08-05T17:50:13 | 趁乱喝粥吧 | 看到想听的脱口秀演员来巡演很高兴，但一看到是拼盘主打秀（1主咖+N其它演员）就很绝望，我真的不想看拼盘了啊！每次拼盘都是这些人，虽然理解创新不易而且人家要恰饭，
2026-08-05T17:32:59 | 哥哥卖萌我挨打 | 电视剧这一秒过火 二少为何不能跟姐姐学一下！ 我们想听语音 五星差评 
2026-08-05T17:30:23 | 我没惹任何人77 | 奖杯比挂墙上更适合的地方是挂在嘴边 我没惹任何人77的微博视频 
2026-08-05T17:08:54 | 管果屁屁 | 2026七月热播榜单出炉🔥暑期档剧王厮杀，收视热度双爆！ 七月剧圈神仙打架！现实、古偶、民国、悬疑全线开花，多部剧集数据断层领跑，完整榜单整理好速码👇 电视收视
2026-08-05T17:02:45 | 四株艾叶 | 叶盛佳 YSJ#叶盛佳# YSJ#叶盛佳龙王令# YSJ#叶盛佳楚墨殇##龙王令之妃卿莫属开播# 天命在身，龙骨藏锋，不负苍生亦不负卿！#网剧龙王令# @叶盛佳
2026-08-05T17:01:02 | 应如天上星_ | 2026七月热播榜单出炉🔥暑期档剧王厮杀，收视热度双爆！ 七月剧圈神仙打架！现实、古偶、民国、悬疑全线开花，多部剧集数据断层领跑，完整榜单整理好速码👇 电视收视
2026-08-05T17:00:26 | 中影小水 | 拯救剧荒 8月5日，今晚看点啥？？图1 追剧日历 图2 综艺日历  图3  已完结剧集 🈶江海潮生 王鸥/杨立新/何冰/郝平(按演员姓氏笔画排序)🈶兵自风中来 
2026-08-05T16:58:13 | 新浪海南 | #反向避暑就来海南#【海南清凉打包发送】预测8月全省无明显高温天气，现在就出发海南！ 推荐清凉地：走进海南热带雨林公园五指山片区，在密林间感受山林凉意；琼中百花
2026-08-05T16:45:48 | 吸吸小猫er | 好多现挂封神，演员好真的很有魅力
2026-08-05T16:28:04 | 奇丞盐 | 范丞丞#以纯品牌代言人范丞丞# fcc #范丞丞58同城品牌代言人# fcc #范丞丞#风月都好看，人间也浪漫【范丞丞 | 范丞丞奔跑吧 | 范丞丞现在就出发 
2026-08-05T15:42:10 | 用户7776588217 | #现在就出发# 我的评分：超级好看 
2026-08-05T15:35:40 | nalnv_古 | #百花杀# 我的评分：美丽是郡主最不值得提的优点，孟子义演出了人物的三种不同状态，顾青栀的冷傲，小郡主的娇俏及灵魂融合后沈汐和的冷静决绝、柔软坚韧，孟姐在每一部
2026-08-05T15:35:03 | 梅心素语 | ☀️Wechat｜现在就出发搞笑片段｜经典综艺片段｜气质干净𝐢𝐧𝐬女头 ｜女生头像｜小众头像｜气质头像｜温柔女头｜甜美头像｜韩系女头｜颜值头像 壁纸分享/Wec
2026-08-05T15:29:48 | 若相惜的剧场 | 最新更新喜剧之王单口季3 +1-2季五十公里桃花坞6 +1-5季中餐厅10 +2-9季地球超新鲜2 +第一季半熟恋人5 +1-4季爸爸当家5 +1-4季密室大逃
2026-08-05T15:23:06 | 心亭软 | 白敬亭#白敬亭##白敬亭0804出道十二周年快乐##刑警时刻之风华正茂首发预告##现在就出发4三亚开录##战争和人# 顶顶好的白敬亭 期待新剧上映 
2026-08-05T15:11:03 | 娴居小锦 | 金部长戴眼镜时大眼睛双眼皮炯炯有神，摘了眼镜变成一条缝虾皮眼，怎么做到的啊哈哈哈。也就前6集还好，后面没大意思，一言不合就打起来。盛名之下，其实不符，弃剧——《
2026-08-05T15:09:49 | 时尚音浪花小娱 | 一波三折终落定！网传古装奇幻剧《千夜奇谭》敲定8月15日正式开机，主演阵容确认李兰迪、何与搭档领衔。 本剧改编自超高人气腾讯漫画《通灵妃》，融合穿越、系统、奇幻
2026-08-05T14:54:45 | 楠有乔木sn | 支持呀张极还没预约我们TOP的新综艺《一路向海的少年》的宝宝可以预约一下哦～预约过的也可以多次预约的这次的团综的制作团队是王海龙老师的团队，是《地球超新鲜》《现
2026-08-05T14:54:42 | 我的心脏属于猫咪 | 𝐇𝐢𝐝𝐞｜搞笑综艺名场面｜现在就出发 奔跑吧兄弟片段｜音乐分享 感觉至上萌宠头像｜治愈系头像头像安利｜卡通手绘｜软萌头像｜审美封神｜可爱爆棚｜毛茸茸萌物｜平板全
2026-08-05T14:50:50 | 无尝追剧 | 这一秒过火 更1-最新集资源（先👍🏻后取） 4K臻享 张凌赫王楚然主演的《这一秒过火》，豆瓣开分只有5.1分，32.8%的观众打了一星差评。 可就是这么一部被骂
2026-08-05T14:48:22 | 昊日不落幕0803 | ✂️ #侯明昊萧无衣# ｜ #侯明昊杨无间# ｜#侯明昊属于我们的巡回演唱会# ｜独学学不如众学学大家一起來試試吧@侯明昊本集分享如何打马塞克应用功能：画中画、
2026-08-05T14:27:48 | 星味社 | 今日古风旋律轻拂心间 #音乐推荐# #辞芊安暖# 星味社的微博视频 
2026-08-05T14:16:26 | 来口水獭 | 就这么保持，每天发一点，发到第二季开播
2026-08-05T14:16:20 | 遥祝卿安 | 地球超新鲜，开始推理吧，真的都很好看啊@摩登兄弟刘宇宁
2026-08-05T14:13:56 | 菟儿牙 | 雀骨✔️最早知道这部剧是在杀青之后 我听到这部剧就觉得不会很好看 毕竟两个人年龄差太大了 我也没有想看的欲望。播出之后我室友把首更看完了然后和我说雀骨夯爆了非常
2026-08-05T14:13:05 | 楼兰娱姐1 | 发布了头条文章：《《兵自风中来》直到梁虹两次被抓才知，梁北华为何让保持三级战备》 兵自风中来 #兵自风中来开播# #兵自风中来定档0723#  《兵自风中来》直
2026-08-05T14:07:46 | 木M点点 | 🍉《千夜奇谭》男女主暂定李兰迪、何与，预计8.15开机，🌸粉这下开心了。最近何与《百花杀》古装扮相挺多好评的，和李兰迪组cp感觉还不错，这剧一波三折，希望能有好
2026-08-05T13:59:26 | 爱看剧的Y | 京城奇探看完了，爆笑，结尾赵少商说这是给小爷干哪来了   元鸿真把他爹毙了嘛#翟子路京城奇探##京城奇探定档# 
2026-08-05T13:54:14 | 星星划落的眼泪 | #qeelin全球品牌代言人刘诗诗# #刘诗诗海伦凯勒全球代言人#  #刘诗诗欧米茄全球名人大使# 日子和感情没有标准答案，舒服就是满分-------来自刘诗诗
2026-08-05T13:50:15 | 不想活了怒嚼三斤干巴面包 | 好消息！！同病房是全女阵容！！啊哈哈哈哈哈爽之 
2026-08-05T13:30:48 | 青柑子黄柑子 | 人类的赞歌就是勇气的赞歌写在最前（2026年8月4日 17:50）：这两天重新看了《准备好了就出发》，时隔差不多一年，再次在暑假观看了这部综艺，看之前就已经想好
2026-08-05T13:27:04 | 枳喜欢2ven | 腾讯八月大剧片单出炉，16部八月待播剧风格迥异，实力阵容云集！1️⃣古装权谋爱情剧《花开锦绣》2️⃣社会悬疑剧《人鱼》3️⃣刑侦警匪剧《藏锋》4️⃣古装武侠剧《
2026-08-05T13:21:40 | 芒果影娱 | #孟子义连续四部剧进拉新年榜# 孟子义连续四部剧进拉新年榜，《花琉璃》、《九重紫》、《桃花映江山》、《百花杀》，每一部都好评满满，努力认真的孟姐值得更多喜爱呀，
2026-08-05T13:20:53 | 炼心爱看剧 | 【热播推荐】晚间热播剧集《人鱼》首播更新1-4集《天才女友》更新1-10集《这一秒过火》更新1-27集《兵自风中来》更新1-28集《江海潮生》更新1-20集度/
2026-08-05T13:00:53 | 脱口秀和Ta的朋友们 | #豫见她们# 这是一场关于女性之间的真诚对话。@陈鲁豫的电影沙发 @步惊云一直都在 @安猪啦丹妮 和@邓璐也叫璐小仙 畅谈行业中的挣扎与成长，诉说自我表达的渴望
2026-08-05T12:57:10 | 娱乐剧星榜 | #为什么有家长给女儿起名叫若男##一饭封神#取名若男，藏着老一辈固化的想法，总觉得女孩子要像男生才能够立足。姜宛伶用行动证明，力量不分性别，不用刻意模仿他人，凭
2026-08-05T12:51:48 | 饭味丞酱 | 范丞丞#纪梵希品牌代言人 范丞丞# fcc #范丞丞现在就出发# fcc #范丞丞#风月都好看，人间也浪漫~【范丞丞 | 范丞丞奔跑吧 | 范丞丞现在就出发 |
2026-08-05T12:35:35 | 痣商夯 | 沈腾：抽象还得是你俩 现在就出发|综艺推荐|搞笑综艺|范丞丞|沈腾|金晨|胡先煦|白敬亭|王安宇I林更新|贾冰 痣商夯的微博视频 
2026-08-05T12:29:43 | 豆芽啵奇趣 | 宋亚轩 🐚#宋亚轩 现在就出发2#🐬#宋亚轩青海#宋亚轩十四岁路演，我命运般的《野子》，宋亚轩真的好会唱歌！@时代少年团-宋亚轩LittleAngle0304-
2026-08-05T12:28:25 | No糖X冰燕麦奶_Tall | 就这样，每天不停，一直到第二季开拍、拍完、开播！
2026-08-05T12:26:12 | 好运指南针 | #为什么有家长给女儿起名叫若男#听完姜宛伶的讲述很感慨，名字若男是上一代的局限期许。但她不靠迎合别人的期待，潜心钻研厨艺，用实力证明女生本身就足够耀眼。#一饭封
2026-08-05T12:25:56 | 荔荔芝儿宝 | 步惊云聊全职老公说妻子是一种处境，而不是一种性别！脱口秀和Ta的朋友们第3季 荔荔芝儿宝的微博视频 
2026-08-05T12:23:57 | 宇百宝安安安安 | #京城奇探官微# 我的评分：🌟亮点推荐：案件逻辑闭关，背景意义正能量。双男主成长线清晰有趣有爱 
2026-08-05T12:17:02 | 富瘦双全钱多多 | 悬疑探案剧《醉梦》预告已经盘包浆了，期待定档！刘诗诗×胡先煦 
2026-08-05T12:04:45 | 用户8351232771 | #网络综艺播放指数# #地球超新鲜 第2季# #刘宇宁# //@阿月浑子__lyn:恭喜刘宇宁@摩登兄弟刘宇宁 ［地球超新鲜2］［开始推理吧4］太好看了！#网络
2026-08-05T12:00:00 | 幸福蓝海官方微博 | #兵自风中来# 观众好评不断   口碑持续在线🎉热度一路高涨    硬骨撑起山河⛰️燃魂照亮征途 幸福蓝海联合出品电视剧《兵自风中来》央视八套黄金档，爱奇艺、腾
2026-08-05T11:50:25 | 坐等日落的黄同学 | 第一卷：降临第8章「平台的轮廓」多多在快音的河流中&quot;泡&quot;了太久——他已经可以&quot;预测&quot;下一片碎片的&quot;形状&quo
2026-08-05T11:48:03 | 视你的剧 | 8.4百指人鱼首日5000+，天才女友才2.8万啊！九门14万，稳住了御廷谣4.2万兵自风中来8.3万，在粉圈没啥声量，百指还挺坚挺花开锦绣定档8200+，分城
2026-08-05T11:42:04 | 兔立耳 | 范丞丞是想笑死谁啊｜搞笑综艺｜综艺推荐｜ 兔立耳的微博视频 
2026-08-05T11:40:27 | 阿尔忒弥斯小美伢 | #一路向海的少年待播榜第一名##一路向海的少年#预约突破六十万，微博综艺待播榜第一，一路向海的少年在开播前就交了一份不错的答卷。TOP登陆少年组合出道后第一个主
2026-08-05T11:38:32 | 脱口秀和Ta的朋友们 | #豫见她们# @步惊云一直都在 讲述自己的家庭现在处于一种“女主外，男主内”的状态，当她回家听到老公问自己“知道西红柿现在多少钱一斤吗”时，发现老公变成“妈妈”
2026-08-05T11:38:28 | 脱口秀和Ta的朋友们 | #豫见她们# @陈鲁豫的电影沙发 谈到最近采访了一些事业有成的年轻女性，她们的家庭构造普遍都是“男主内，女主外”的模式，打破了自己的固有认知，发现自己内心对这个
2026-08-05T11:38:25 | 脱口秀和Ta的朋友们 | #豫见她们# 聊到关于职场霸凌的话题，@步惊云一直都在 表示自己初入职场时，曾被领导拿文件当众摔向自己，一开始自己还会哭，到后面就疲了，“人慢慢成长，你的尊严和
2026-08-05T11:38:23 | 脱口秀和Ta的朋友们 | #豫见她们# @安猪啦丹妮 表示随着自己做这个行业时间越久，越感受到真诚是非常重要的，脱口秀讲的就是自己，让大家看到自己更真的部分，也意识到真的东西是很打动人的
2026-08-05T11:38:20 | 脱口秀和Ta的朋友们 | #豫见她们# 听了大家在追梦路上的各种挫折 @陈鲁豫的电影沙发 感叹那些有机会的人，如果不珍惜机会不努力的话，真的是不应该的。同时她承认自己是有运气的，并且十分
2026-08-05T11:31:43 | 郝郝好好_ | 为只有河南单独发一篇①薛怀义：☆☆☆☆牡丹花盛开哈哈哈 精彩又沉浸 演员也很帅 因为排到了第一场 所以一开始就觉得不虚此行②麦子啊麦子：☆有点一般 网上评价太高
[OK] [解析-微博剧综] parse_weibo_content.py (timeout=300s) (returncode=0)

===== [采集-豆瓣] collect_douban.py (timeout=2400s) =====
[登录态] 使用 douban_login_data 登录态采集
发现相关小组: 46
   https://www.douban.com/group/754805/
   https://www.douban.com/group/508496/
   https://www.douban.com/group/751840/
   https://www.douban.com/group/763479/
   https://www.douban.com/group/620074/
   https://www.douban.com/group/609910/
   https://www.douban.com/group/642171/
   https://www.douban.com/group/667558/
   https://www.douban.com/group/635121/
   https://www.douban.com/group/759143/
   https://www.douban.com/group/124748/
   https://www.douban.com/group/738830/
   https://www.douban.com/group/644798/
   https://www.douban.com/group/740196/
   https://www.douban.com/group/688233/
   https://www.douban.com/group/685462/
   https://www.douban.com/group/739606/
   https://www.douban.com/group/661890/
   https://www.douban.com/group/682411/
   https://www.douban.com/group/589918/
   https://www.douban.com/group/187233/
   https://www.douban.com/group/554165/
   https://www.douban.com/group/762693/
   https://www.douban.com/group/479483/
   https://www.douban.com/group/683581/
   https://www.douban.com/group/612746/
   https://www.douban.com/group/199976/
   https://www.douban.com/group/303333/
   https://www.douban.com/group/746835/
   https://www.douban.com/group/699073/
   https://www.douban.com/group/752294/
   https://www.douban.com/group/343650/
   https://www.douban.com/group/685857/
   https://www.douban.com/group/763514/
   https://www.douban.com/group/752208/
   https://www.douban.com/group/498940/
   https://www.douban.com/group/376291/
   https://www.douban.com/group/707727/
   https://www.douban.com/group/703147/
   https://www.douban.com/group/520492/
   https://www.douban.com/group/345975/
   https://www.douban.com/group/710081/
   https://www.douban.com/group/763186/
   https://www.douban.com/group/751531/
   https://www.douban.com/group/738147/
   https://www.douban.com/group/638298/
[https://www.douban.com/group/754805/] 讨论帖 54 条 -> 负面候选 13
[https://www.douban.com/group/508496/] 讨论帖 18 条 -> 负面候选 0
[https://www.douban.com/group/751840/] 讨论帖 31 条 -> 负面候选 9
[https://www.douban.com/group/763479/] 讨论帖 0 条 -> 负面候选 0
[https://www.douban.com/group/620074/] 讨论帖 8 条 -> 负面候选 0
[https://www.douban.com/group/609910/] 讨论帖 1 条 -> 负面候选 0
[https://www.douban.com/group/642171/] 讨论帖 48 条 -> 负面候选 5
[https://www.douban.com/group/667558/] 讨论帖 49 条 -> 负面候选 5
[https://www.douban.com/group/635121/] 讨论帖 3 条 -> 负面候选 0
[https://www.douban.com/group/759143/] 讨论帖 12 条 -> 负面候选 3
[https://www.douban.com/group/124748/] 讨论帖 0 条 -> 负面候选 0
[https://www.douban.com/group/738830/] 讨论帖 53 条 -> 负面候选 3
核实 桃花坞停播🍉 | time=2026-07-23T14:50:46
核实 好喜欢第六季 | time=2026-07-17T13:18:27
核实 每一个说这一季桃花坞不好看的路人都会精准的提到“ | time=2026-07-09T18:01:03
核实 桃花坞剪辑！！！后期！！！我恨你们！ | time=2026-07-17T15:47:28
核实 第九期下比上好看 | time=2026-07-10T12:45:00
核实 不断更新中，从别的综艺挖点人到第七季。 | time=2026-06-29T19:54:16
核实 造池塘部分很好看 | time=2026-07-13T19:13:19
核实 阿如那喜欢嫂子，彭哥喜欢妹子？ | time=2026-06-27T15:31:11
核实 桃花坞加更里我能看见修池塘过程吗 | time=2026-07-09T17:46:17
核实 我们太拘泥于真人秀没有剧本了，这帮人没有剧本很难 | time=2026-07-07T10:16:30
核实 今天的特别加更走心了 | time=2026-07-03T13:44:21
核实 特别加更好看！！ | time=2026-07-03T14:02:00
核实 今天的特别加更好好看 | time=2026-07-03T19:14:23
核实 浅谈：朱丹为什么一直在翻车 | time=2025-06-19T22:44:49
核实 看预告磕了制胜和哥哥 | time=2025-06-05T20:08:51
核实 感觉不太适应新的后期，字幕难看 | time=2025-05-17T21:58:46
核实 看了下期预告 | time=2025-05-28T19:00:58
核实 好尴尬啊 | time=2025-05-20T13:27:42
核实 分房那段还是没敢看完太尴尬直接跳过了 | time=2025-05-21T15:58:17
核实 官宣成员了 | time=2025-05-19T17:27:11
核实 精彩的第五季 | time=2025-05-17T20:04:27
核实 看海报分析，这一季类似旷野vs轨道的设置？ | time=2025-03-03T22:35:18
核实 腾讯视频《心动的信号》官方宣传站：一切以官宣为准 | time=2018-08-01T19:23:03
核实 喜欢zmc的女的到底喜欢他啥 | time=2024-11-03T02:53:50
核实 不用想，雨璠私底下肯定祝福了啊，不发共公平台可能 | time=2024-11-18T19:28:13
核实 令人生气的是很多女的竟然也在骂小咪 | time=2024-10-30T04:01:56
核实 那两个组全部都在刷屏骂女嘉宾们 | time=2024-12-20T06:51:42
核实 我想吐槽下节目彩排时那个音响，还有部分工作人员 | time=2019-09-09T15:58:40
核实 你们最喜欢昨晚哪首歌？ | time=2019-09-09T19:50:42
核实 现场舞台感觉不错呀 | time=2019-09-07T21:15:25
核实 丞星姐姐太给力了吧 | time=2019-09-03T18:15:32
核实 蹲一个mxh女孩的安利 | time=2019-09-01T20:45:03
核实 者来女太可爱了 | time=2026-03-21T22:19:56
核实 中女时代这期还不错 | time=2026-02-15T19:15:14
核实 第一场都看了吗？喜欢步姐的段子 | time=2026-01-27T11:49:58
核实 第三季｜我支持现发4明天开播 | time=2026-07-26T21:16:20
核实 现发3大部分游戏都很无聊，全靠成员们的发挥，谁来 | time=2026-05-24T11:25:40
核实 第三季｜怎么又来腾哥不喜欢hxx这套 | time=2025-12-05T14:01:54
total douban candidates: 38
[OK] [采集-豆瓣] collect_douban.py (timeout=2400s) (returncode=0)

===== [解析-豆瓣] parse_douban.py (timeout=300s) =====
豆瓣窗口过滤: 原始 38 条 -> 窗口内 0 条 (窗口 2026-07-30 11:11 ~ 2026-08-06 11:11)
[OK] [解析-豆瓣] parse_douban.py (timeout=300s) (returncode=0)

===== [采集-黑猫] collect_heimao.py (timeout=2400s) =====
total collected: 110
2026-08-06 | 腾讯视频自动扣费 | https://tousu.sina.com.cn/complaint/view/17400559664/?sld=4287affdc512a80b46ff735dca69b1aa
2026-08-06 | 没经过允许扣费 | https://tousu.sina.com.cn/complaint/view/17400559459/?sld=d9938a2a9efd115a826bf4e80ebd78ad
2026-08-06 | 苹果腾讯推诿，7月28日腾讯视频重复订单退款咋办 | https://tousu.sina.com.cn/complaint/view/17400556400/?sld=801d7a49956b3c825571eafc36839009
2026-08-06 | 腾讯视频申请退款 | https://tousu.sina.com.cn/complaint/view/17400553296/?sld=ad54a2393a46b92903b0a19fe39ae66e
2026-08-06 | 腾讯视频乱扣费 | https://tousu.sina.com.cn/complaint/view/17400553942/?sld=6eff25b4713ff6529f7df956027d9727
2026-08-06 | 腾讯视频平台面对消费者退费问题拒不解决乱收费 | https://tousu.sina.com.cn/complaint/view/17400553065/?sld=26dc712d7f0817f5dbb5295fcd35378b
2026-08-06 | 深圳市腾讯 | https://tousu.sina.com.cn/complaint/view/17400555247/?sld=949a30f6ad657db67fce399b7fbd1d3e
2026-08-05 | 拍错不予退货 | https://tousu.sina.com.cn/complaint/view/17400551923/?sld=348e6f29e5405580eff54fea7d7e9cbb
2026-08-05 | 腾讯视频自动续费扣费35元，无法联系客服申请退款 | https://tousu.sina.com.cn/complaint/view/17400549062/?sld=6b5849fb159bac2521dba288c938e5c2
2026-08-05 | 腾讯视频收钱不给开会员 | https://tousu.sina.com.cn/complaint/view/17400548860/?sld=a8eb8cd25f3329f4c3c505447aa23f6c
2026-08-05 | 腾讯视频设陷阱强制捆绑消费，要求全额退款！ | https://tousu.sina.com.cn/complaint/view/17400547710/?sld=af982642cb98aceaf8cc728406a3ec6d
2026-08-05 | 腾讯视频 | https://tousu.sina.com.cn/complaint/view/17400546336/?sld=acace5c9de4c620608573c54596b408d
2026-08-05 | 商家以活动规则为由，拒绝待发货确定款商品退款 | https://tousu.sina.com.cn/complaint/view/17400547209/?sld=53fda5f7bb6f5a80eeb1f05d6ea6ff24
2026-08-05 | 腾讯视频不退款 | https://tousu.sina.com.cn/complaint/view/17400546923/?sld=07a20dc72610970a8c88c2bd383e7a8e
2026-08-05 | 腾讯视频SVIP页面嵌套VIP+京东PLUS误导258原VIP28年未升svip | https://tousu.sina.com.cn/complaint/view/17400544224/?sld=5c46f5cdf7a372570b744eb17d5eceee
2026-08-05 | 充值未到账，等待一天没人处理这个事 | https://tousu.sina.com.cn/complaint/view/17400544365/?sld=5655567d16e28f020287d95f6440e2a5
2026-08-05 | 腾讯视频会员自动续费坑人，多番扣费急需退全款 | https://tousu.sina.com.cn/complaint/view/17400545079/?sld=eefed3310250826bc73c86f33f67e4be
2026-08-05 | 腾讯视频消极怠工不处理问题 | https://tousu.sina.com.cn/complaint/view/17400543433/?sld=a70bd1454b7a91a50a90dd1ea8d43c11
2026-08-05 | 腾讯视频 | https://tousu.sina.com.cn/complaint/view/17400543461/?sld=0add65ab8b4904872f30d6ca0f7c9c62
2026-08-05 | 深圳腾讯计算机系统有限公司 | https://tousu.sina.com.cn/complaint/view/17400541162/?sld=76da5107b26b3237d5cdc22decd98ca1
2026-08-05 | 腾讯视频霸王条款，误点购买不退款 | https://tousu.sina.com.cn/complaint/view/17400540920/?sld=126cad558f28260e724c2c3cf65fc0a6
2026-08-05 | 腾讯视频 | https://tousu.sina.com.cn/complaint/view/17400539201/?sld=39d506b269527e57e8e5b3ccb838cb10
2026-08-05 | 充值腾讯视频会员想看指定影片无正片 | https://tousu.sina.com.cn/complaint/view/17400538727/?sld=ff6ed3065506ba1e841ab2e592a15722
2026-08-05 | 腾讯视频莫名扣费，事前无通知，要求退全款 | https://tousu.sina.com.cn/complaint/view/17400538497/?sld=58f1af4584fed16718219a1d0e5159b5
2026-08-05 | 腾讯 联系不上客服以及各个平台推诿扯皮 | https://tousu.sina.com.cn/complaint/view/17400535349/?sld=8f89a333f0abd68d1012d6005779cdc8
2026-08-05 | 腾讯视频退费难 | https://tousu.sina.com.cn/complaint/view/17400533924/?sld=ddd62d5badcc0325f071ca497c174962
2026-08-05 | 深圳市腾讯计算机系统有限公司 | https://tousu.sina.com.cn/complaint/view/17400526892/?sld=361a4043b30c8ec7e9a3d01c7d529254
2026-08-05 | 腾讯视频莫名其妙扣费开通包月续费会员 | https://tousu.sina.com.cn/complaint/view/17400531918/?sld=733b6c98b62f337dc07dd985a06e36ee
2026-08-05 | 自动扣费未提前通知 | https://tousu.sina.com.cn/complaint/view/17400531275/?sld=6884810b2fdaa368fe73546553c48867
2026-08-05 | 腾讯视频乱扣费，5月买的会员8月莫名自动续费35元！ | https://tousu.sina.com.cn/complaint/view/17400531134/?sld=52bdeee9655694e857e7fe40ab39563c
2026-08-05 | 腾讯视频自动续费不退费 | https://tousu.sina.com.cn/complaint/view/17400528763/?sld=f60b903c9f6b83f80f5c5894bd692874
2026-08-05 | 本人微信账号忘记关闭腾讯视频自动续费，2026‑08‑05自动扣费35元。本人长 | https://tousu.sina.com.cn/complaint/view/17400528319/?sld=ebf29c8ad5afa069b551ff01e7ca4c85
2026-08-05 | 腾讯视频错点续费，盼能退费 | https://tousu.sina.com.cn/complaint/view/17400527000/?sld=8296651d049681f026519a6a7b6911fb
2026-08-05 | NewTV极光违规自动扣费35元，无故拒绝退款 | https://tousu.sina.com.cn/complaint/view/17400525969/?sld=83eeec809063c9f5ca0035d655098d83
2026-08-05 | 腾讯视频未通知自动续费 | https://tousu.sina.com.cn/complaint/view/17400523518/?sld=ec93fe5d1b89ba68858679fefee936b5
2026-08-05 | 购买SVIP还强制推送广告 | https://tousu.sina.com.cn/complaint/view/17399608960/?sld=15cfb977a9a5bfba90d2424a447a7cbb
2026-08-05 | 腾讯视频误充会员75元申请退款未处理， | https://tousu.sina.com.cn/complaint/view/17400523747/?sld=a124d8767e3ad3faf729799cbfb9794f
2026-08-05 | 腾讯视频未成年退费 | https://tousu.sina.com.cn/complaint/view/17400522096/?sld=9fe2a8a4dede8436546fd0cc4b44ed0b
2026-08-05 | 我上个月刚付完钱剧少没看就删了这个月突然自动续费这扯不扯 | https://tousu.sina.com.cn/complaint/view/17400516067/?sld=83db0b76ba22872b6236fd96c14af26b
2026-08-05 | 腾讯科技盲盒待确认，冲动消费申请退款遭拒 | https://tousu.sina.com.cn/complaint/view/17400521252/?sld=551db5fd5dec41279e8cccfb7e7d99db
[OK] [采集-黑猫] collect_heimao.py (timeout=2400s) (returncode=0)

===== [解析-黑猫] parse_heimao.py (timeout=300s) =====
窗口: 2026-08-05 11:11:26 ~ 2026-08-06 11:11:26
总候选: 110, 24小时窗口内: 34
2026-08-06 10:39:45 | 自动续费 | 腾讯视频自动扣费 | https://tousu.sina.com.cn/complaint/view/17400559664/?sld=4287affdc512a80b46ff735dca69b1aa
2026-08-06 10:34:52 | 强迫收费 | 没经过允许扣费 | https://tousu.sina.com.cn/complaint/view/17400559459/?sld=d9938a2a9efd115a826bf4e80ebd78ad
2026-08-06 09:19:46 | 申请退款/提现不到账,默认购买增值服务 | 苹果腾讯推诿，7月28日腾讯视频重复订单退款咋办 | https://tousu.sina.com.cn/complaint/view/17400556400/?sld=801d7a49956b3c825571eafc36839009
2026-08-06 08:19:48 | 账号问题 | 深圳市腾讯 | https://tousu.sina.com.cn/complaint/view/17400555247/?sld=949a30f6ad657db67fce399b7fbd1d3e
2026-08-06 03:33:02 | 自动续费,乱收费 | 腾讯视频乱扣费 | https://tousu.sina.com.cn/complaint/view/17400553942/?sld=6eff25b4713ff6529f7df956027d9727
2026-08-06 01:30:07 | 自动续费 | 腾讯视频申请退款 | https://tousu.sina.com.cn/complaint/view/17400553296/?sld=ad54a2393a46b92903b0a19fe39ae66e
2026-08-06 01:00:27 | 申请退款/提现不到账 | 腾讯视频平台面对消费者退费问题拒不解决乱收费 | https://tousu.sina.com.cn/complaint/view/17400553065/?sld=26dc712d7f0817f5dbb5295fcd35378b
2026-08-05 23:38:19 | 客服不处理/处理不当 | 拍错不予退货 | https://tousu.sina.com.cn/complaint/view/17400551923/?sld=348e6f29e5405580eff54fea7d7e9cbb
2026-08-05 21:24:00 | 自动续费,联系不到客服 | 腾讯视频自动续费扣费35元，无法联系客服申请退款 | https://tousu.sina.com.cn/complaint/view/17400549062/?sld=6b5849fb159bac2521dba288c938e5c2
2026-08-05 21:16:42 | 账号问题,未履行合同,联系不到客服 | 腾讯视频收钱不给开会员 | https://tousu.sina.com.cn/complaint/view/17400548860/?sld=a8eb8cd25f3329f4c3c505447aa23f6c
2026-08-05 20:31:12 | 客服不处理/处理不当,霸王条款,乱收费,未履行合同 | 腾讯视频设陷阱强制捆绑消费，要求全额退款！ | https://tousu.sina.com.cn/complaint/view/17400547710/?sld=af982642cb98aceaf8cc728406a3ec6d
2026-08-05 20:11:54 | 购买周边不可以退货 | 商家以活动规则为由，拒绝待发货确定款商品退款 | https://tousu.sina.com.cn/complaint/view/17400547209/?sld=53fda5f7bb6f5a80eeb1f05d6ea6ff24
2026-08-05 20:01:56 | 霸王条款,客服不处理/处理不当,默认购买增值服务 | 腾讯视频不退款 | https://tousu.sina.com.cn/complaint/view/17400546923/?sld=07a20dc72610970a8c88c2bd383e7a8e
2026-08-05 19:40:12 | 自动续费 | 腾讯视频 | https://tousu.sina.com.cn/complaint/view/17400546336/?sld=acace5c9de4c620608573c54596b408d
2026-08-05 19:00:31 | 乱收费 | 腾讯视频会员自动续费坑人，多番扣费急需退全款 | https://tousu.sina.com.cn/complaint/view/17400545079/?sld=eefed3310250826bc73c86f33f67e4be
2026-08-05 18:39:03 | 联系不到客服,充值未到账 | 充值未到账，等待一天没人处理这个事 | https://tousu.sina.com.cn/complaint/view/17400544365/?sld=5655567d16e28f020287d95f6440e2a5
2026-08-05 18:35:04 | 虚假/误导宣传,申请退款/提现不到账,未履行合同 | 腾讯视频SVIP页面嵌套VIP+京东PLUS误导258原VIP28年未升svip | https://tousu.sina.com.cn/complaint/view/17400544224/?sld=5c46f5cdf7a372570b744eb17d5eceee
2026-08-05 18:14:11 | 自动续费 | 腾讯视频 | https://tousu.sina.com.cn/complaint/view/17400543461/?sld=0add65ab8b4904872f30d6ca0f7c9c62
2026-08-05 18:13:16 | 客服不处理/处理不当,申请退款/提现不到账,自动续费 | 腾讯视频消极怠工不处理问题 | https://tousu.sina.com.cn/complaint/view/17400543433/?sld=a70bd1454b7a91a50a90dd1ea8d43c11
2026-08-05 17:21:01 | 客服不处理/处理不当,申请退款/提现不到账,自动续费,霸王条款,乱收费,未履行合同,强迫收费 | 深圳腾讯计算机系统有限公司 | https://tousu.sina.com.cn/complaint/view/17400541162/?sld=76da5107b26b3237d5cdc22decd98ca1
2026-08-05 17:15:02 | 客服不处理/处理不当,申请退款/提现不到账,霸王条款 | 腾讯视频霸王条款，误点购买不退款 | https://tousu.sina.com.cn/complaint/view/17400540920/?sld=126cad558f28260e724c2c3cf65fc0a6
2026-08-05 16:39:59 | 客服不处理/处理不当,涉骗,自动续费,申请退款/提现不到账,联系不到客服,霸王条款,乱收费,强迫收费,信息泄露,服务不到位/态度差,未履行合同 | 腾讯视频 | https://tousu.sina.com.cn/complaint/view/17400539201/?sld=39d506b269527e57e8e5b3ccb838cb10
2026-08-05 16:29:32 | 片源暂时下架 | 充值腾讯视频会员想看指定影片无正片 | https://tousu.sina.com.cn/complaint/view/17400538727/?sld=ff6ed3065506ba1e841ab2e592a15722
2026-08-05 16:25:23 | 自动续费 | 腾讯视频莫名扣费，事前无通知，要求退全款 | https://tousu.sina.com.cn/complaint/view/17400538497/?sld=58f1af4584fed16718219a1d0e5159b5
2026-08-05 15:22:40 | 联系不到客服 | 腾讯 联系不上客服以及各个平台推诿扯皮 | https://tousu.sina.com.cn/complaint/view/17400535349/?sld=8f89a333f0abd68d1012d6005779cdc8
2026-08-05 14:53:13 | 客服不处理/处理不当,霸王条款,强迫收费 | 腾讯视频退费难 | https://tousu.sina.com.cn/complaint/view/17400533924/?sld=ddd62d5badcc0325f071ca497c174962
2026-08-05 14:09:14 | 申请退款/提现不到账,强迫收费,乱收费,客服不处理/处理不当,联系不到客服 | 腾讯视频莫名其妙扣费开通包月续费会员 | https://tousu.sina.com.cn/complaint/view/17400531918/?sld=733b6c98b62f337dc07dd985a06e36ee
2026-08-05 13:53:51 | 申请退款/提现不到账,强迫收费,联系不到客服 | 自动扣费未提前通知 | https://tousu.sina.com.cn/complaint/view/17400531275/?sld=6884810b2fdaa368fe73546553c48867
2026-08-05 13:50:06 | 自动续费 | 腾讯视频乱扣费，5月买的会员8月莫名自动续费35元！ | https://tousu.sina.com.cn/complaint/view/17400531134/?sld=52bdeee9655694e857e7fe40ab39563c
2026-08-05 12:46:01 | 客服不处理/处理不当,自动续费 | 腾讯视频自动续费不退费 | https://tousu.sina.com.cn/complaint/view/17400528763/?sld=f60b903c9f6b83f80f5c5894bd692874
2026-08-05 12:33:10 | 申请退款/提现不到账,霸王条款 | 本人微信账号忘记关闭腾讯视频自动续费，2026‑08‑05自动扣费35元。本人长 | https://tousu.sina.com.cn/complaint/view/17400528319/?sld=ebf29c8ad5afa069b551ff01e7ca4c85
2026-08-05 12:00:53 | 霸王条款,联系不到客服 | 腾讯视频错点续费，盼能退费 | https://tousu.sina.com.cn/complaint/view/17400527000/?sld=8296651d049681f026519a6a7b6911fb
2026-08-05 11:58:36 | 联系不到客服 | 深圳市腾讯计算机系统有限公司 | https://tousu.sina.com.cn/complaint/view/17400526892/?sld=361a4043b30c8ec7e9a3d01c7d529254
2026-08-05 11:39:10 | 不予退款 | NewTV极光违规自动扣费35元，无故拒绝退款 | https://tousu.sina.com.cn/complaint/view/17400525969/?sld=83eeec809063c9f5ca0035d655098d83
[OK] [解析-黑猫] parse_heimao.py (timeout=300s) (returncode=0)

===== [采集-小红书] collect_xhs.py (timeout=2400s) =====
腾讯视频 ERROR Page.goto: Timeout 25000ms exceeded.
Call log:
  - navigating to "https://www.xiaohongshu.com/search_result?keyword=%E8%85%BE%E8%AE%AF%E8%A7%86%E9%A2%91", waiting until "domcontentloaded"

腾讯视频 卡顿 -> anchors: 54
腾讯视频 闪退 -> anchors: 49
腾讯视频 崩了 -> anchors: 57
腾讯视频 崩溃 -> anchors: 61
腾讯视频 黑屏 -> anchors: 57
腾讯视频 白屏 -> anchors: 62
腾讯视频 花屏 -> anchors: 50
腾讯视频 绿屏 -> anchors: 60
腾讯视频 无法播放 -> anchors: 53
腾讯视频 看不了 -> anchors: 56
腾讯视频 加载不出来 -> anchors: 50
腾讯视频 缓冲 -> anchors: 58
腾讯视频 打不开 -> anchors: 47
腾讯视频 点不开 -> anchors: 56
腾讯视频 没声音 -> anchors: 54
腾讯视频 音画不同步 -> anchors: 53
腾讯视频 报错 -> anchors: 75
腾讯视频 错误 -> anchors: 57
腾讯视频 异常 -> anchors: 54
腾讯视频 闪屏 -> anchors: 61
腾讯视频 死机 -> anchors: 20
腾讯视频 无法登录 -> anchors: 0
腾讯视频 登录不上 -> anchors: 0
腾讯视频 登录过期 -> anchors: 0
腾讯视频 一直转圈 -> anchors: 0
腾讯视频 卡住 -> anchors: 0
腾讯视频 失效 -> anchors: 0
腾讯视频 无响应 -> anchors: 0
腾讯视频 自动退出 -> anchors: 0
腾讯视频 强制退出 -> anchors: 0
腾讯视频 无法打开 -> anchors: 0
腾讯视频 投屏 -> anchors: 0
腾讯视频 搜索不到 -> anchors: 0
腾讯视频 超时 -> anchors: 0
腾讯视频 无法使用 -> anchors: 0
腾讯视频 会员 -> anchors: 0
腾讯视频 SVIP -> anchors: 0
腾讯视频 VIP -> anchors: 0
腾讯视频 自动续费 -> anchors: 0
腾讯视频 退款 -> anchors: 0
腾讯视频 扣费 -> anchors: 0
腾讯视频 乱扣款 -> anchors: 0
腾讯视频 重复扣费 -> anchors: 0
腾讯视频 未到账 -> anchors: 0
腾讯视频 会员权益 -> anchors: 0
腾讯视频 权益不生效 -> anchors: 0
腾讯视频 超前点播 -> anchors: 0
腾讯视频 套娃收费 -> anchors: 0
腾讯视频 会员涨价 -> anchors: 0
腾讯视频 云包场 -> anchors: 0
腾讯视频 礼品卡 -> anchors: 0
腾讯视频 广告 -> anchors: 0
腾讯视频 弹窗 -> anchors: 0
腾讯视频 多端权益 -> anchors: 0
腾讯视频 无法观看 -> anchors: 0
腾讯视频 付费内容 -> anchors: 0
腾讯视频 投诉 -> anchors: 0
腾讯视频 黑猫投诉 -> anchors: 0
腾讯视频 举报 -> anchors: 0
腾讯视频 维权 -> anchors: 0
腾讯视频 差评 -> anchors: 0
腾讯视频 数据造假 -> anchors: 0
腾讯视频 处罚 -> anchors: 0
腾讯视频 罚款 -> anchors: 0
腾讯视频 315 -> anchors: 0
腾讯视频 消费者协会 -> anchors: 0
腾讯视频 律师函 -> anchors: 0
腾讯视频 诈骗 -> anchors: 0
腾讯视频 骗钱 -> anchors: 0
腾讯视频 跑路 -> anchors: 0
腾讯视频 停播 -> anchors: 0
腾讯视频 客服 -> anchors: 0
腾讯视频 监管 -> anchors: 0
腾讯视频 通报 -> anchors: 0
腾讯视频 曝光 -> anchors: 0
腾讯视频 热搜 -> anchors: 0
醉梦 差评 -> anchors: 0
这一秒过火 差评 -> anchors: 0
京城奇探 差评 -> anchors: 0
兵自风中来 差评 -> anchors: 0
百花杀 差评 -> anchors: 0
藏锋 差评 -> anchors: 0
小芳出嫁 差评 -> anchors: 0
遮天 差评 -> anchors: 0
梦花廷 差评 -> anchors: 0
花开锦绣 差评 -> anchors: 0
待我醒来时 差评 -> anchors: 0
有喜的日子 差评 -> anchors: 0
师兄太稳健 差评 -> anchors: 0
雀骨 差评 -> anchors: 0
深渊无间 差评 -> anchors: 0
十日终焉 差评 -> anchors: 0
人鱼 差评 -> anchors: 0
脱口秀和Ta的朋友们 差评 -> anchors: 0
主咖 差评 -> anchors: 0
现在就出发 差评 -> anchors: 0
哈哈哈哈哈 差评 -> anchors: 0
地球超新鲜 差评 -> anchors: 0
五十公里桃花坞 差评 -> anchors: 0
一饭封神 差评 -> anchors: 0
哆来咪哪里咪 差评 -> anchors: 0
我是剧星 差评 -> anchors: 0
心动的信号 差评 -> anchors: 0
半熟恋人 差评 -> anchors: 0
开始推理吧 差评 -> anchors: 0
一路向海的少年 差评 -> anchors: 0
醉梦 弃剧 -> anchors: 0
这一秒过火 弃剧 -> anchors: 0
京城奇探 弃剧 -> anchors: 0
兵自风中来 弃剧 -> anchors: 0
百花杀 弃剧 -> anchors: 0
藏锋 弃剧 -> anchors: 0
小芳出嫁 弃剧 -> anchors: 0
遮天 弃剧 -> anchors: 0
梦花廷 弃剧 -> anchors: 0
花开锦绣 弃剧 -> anchors: 0
待我醒来时 弃剧 -> anchors: 0
有喜的日子 弃剧 -> anchors: 0
师兄太稳健 弃剧 -> anchors: 0
雀骨 弃剧 -> anchors: 0
深渊无间 弃剧 -> anchors: 0
十日终焉 弃剧 -> anchors: 0
人鱼 弃剧 -> anchors: 0
醉梦 好看 -> anchors: 0
这一秒过火 好看 -> anchors: 0
京城奇探 好看 -> anchors: 0
兵自风中来 好看 -> anchors: 0
百花杀 好看 -> anchors: 0
藏锋 好看 -> anchors: 0
小芳出嫁 好看 -> anchors: 0
遮天 好看 -> anchors: 0
梦花廷 好看 -> anchors: 0
花开锦绣 好看 -> anchors: 0
待我醒来时 好看 -> anchors: 0
有喜的日子 好看 -> anchors: 0
师兄太稳健 好看 -> anchors: 0
雀骨 好看 -> anchors: 0
深渊无间 好看 -> anchors: 0
十日终焉 好看 -> anchors: 0
人鱼 好看 -> anchors: 0
脱口秀和Ta的朋友们 好看 -> anchors: 0
主咖 好看 -> anchors: 0
现在就出发 好看 -> anchors: 0
哈哈哈哈哈 好看 -> anchors: 0
地球超新鲜 好看 -> anchors: 0
五十公里桃花坞 好看 -> anchors: 0
一饭封神 好看 -> anchors: 0
哆来咪哪里咪 好看 -> anchors: 0
我是剧星 好看 -> anchors: 0
心动的信号 好看 -> anchors: 0
半熟恋人 好看 -> anchors: 0
开始推理吧 好看 -> anchors: 0
一路向海的少年 好看 -> anchors: 0
醉梦 推荐 -> anchors: 0
这一秒过火 推荐 -> anchors: 0
京城奇探 推荐 -> anchors: 0
兵自风中来 推荐 -> anchors: 0
百花杀 推荐 -> anchors: 0
藏锋 推荐 -> anchors: 0
小芳出嫁 推荐 -> anchors: 0
遮天 推荐 -> anchors: 0
梦花廷 推荐 -> anchors: 0
花开锦绣 推荐 -> anchors: 0
待我醒来时 推荐 -> anchors: 0
有喜的日子 推荐 -> anchors: 0
师兄太稳健 推荐 -> anchors: 0
雀骨 推荐 -> anchors: 0
深渊无间 推荐 -> anchors: 0
十日终焉 推荐 -> anchors: 0
人鱼 推荐 -> anchors: 0
脱口秀和Ta的朋友们 推荐 -> anchors: 0
主咖 推荐 -> anchors: 0
现在就出发 推荐 -> anchors: 0
哈哈哈哈哈 推荐 -> anchors: 0
地球超新鲜 推荐 -> anchors: 0
五十公里桃花坞 推荐 -> anchors: 0
一饭封神 推荐 -> anchors: 0
哆来咪哪里咪 推荐 -> anchors: 0
我是剧星 推荐 -> anchors: 0
心动的信号 推荐 -> anchors: 0
半熟恋人 推荐 -> anchors: 0
开始推理吧 推荐 -> anchors: 0
一路向海的少年 推荐 -> anchors: 0
醉梦 更新 -> anchors: 0
这一秒过火 更新 -> anchors: 0
京城奇探 更新 -> anchors: 0
兵自风中来 更新 -> anchors: 0
百花杀 更新 -> anchors: 0
藏锋 更新 -> anchors: 0
小芳出嫁 更新 -> anchors: 0
遮天 更新 -> anchors: 0
梦花廷 更新 -> anchors: 0
花开锦绣 更新 -> anchors: 0
待我醒来时 更新 -> anchors: 0
有喜的日子 更新 -> anchors: 0
师兄太稳健 更新 -> anchors: 0
雀骨 更新 -> anchors: 0
深渊无间 更新 -> anchors: 0
十日终焉 更新 -> anchors: 0
人鱼 更新 -> anchors: 0
脱口秀和Ta的朋友们 定档 -> anchors: 0
主咖 定档 -> anchors: 0
现在就出发 定档 -> anchors: 0
哈哈哈哈哈 定档 -> anchors: 0
地球超新鲜 定档 -> anchors: 0
五十公里桃花坞 定档 -> anchors: 0
一饭封神 定档 -> anchors: 0
哆来咪哪里咪 定档 -> anchors: 0
我是剧星 定档 -> anchors: 0
心动的信号 定档 -> anchors: 0
半熟恋人 定档 -> anchors: 0
开始推理吧 定档 -> anchors: 0
一路向海的少年 定档 -> anchors: 0
腾讯视频 好看 -> anchors: 0
腾讯视频 推荐 -> anchors: 0
腾讯视频 值得看 -> anchors: 0
腾讯视频 封神 -> anchors: 0
腾讯视频 良心剧 -> anchors: 0
腾讯视频 好评 -> anchors: 0
腾讯视频 必看 -> anchors: 0
腾讯视频 强推 -> anchors: 0
腾讯视频 宝藏 -> anchors: 0
腾讯视频 精彩 -> anchors: 0
腾讯视频 满意 -> anchors: 0
腾讯视频 流畅 -> anchors: 0
腾讯视频 更新 -> anchors: 0
腾讯视频 定档 -> anchors: 0
腾讯视频 开播 -> anchors: 0
腾讯视频 预告 -> anchors: 0
腾讯视频 阵容 -> anchors: 0
腾讯视频 官宣 -> anchors: 0
腾讯视频 独播 -> anchors: 0
腾讯视频 片单 -> anchors: 0
腾讯视频 热度 -> anchors: 0
腾讯视频 获奖 -> anchors: 0
total unique notes: 450
[OK] [采集-小红书] collect_xhs.py (timeout=2400s) (returncode=0)

===== [筛选-小红书候选] filter_xhs_candidates.py (timeout=300s) =====
小红书候选初筛: 原始 450 条 -> 候选 46 条(上限80)
[OK] [筛选-小红书候选] filter_xhs_candidates.py (timeout=300s) (returncode=0)

===== [核实-小红书正文] verify_xhs.py (timeout=300s) =====
=== 6a6b43ab0000000027023a02 OK
title: 腾讯视频吃相太难看
date_text: 6天前 四川
desc: 冲着宣传的可享10台设备累计播放、4台设备同时播放充了svip家庭年卡，可当你充了两天以后又一言不合的永久冻结了账号，没有任何提醒和告知，消费者的权益就这么被无情的践踏吗？
#腾讯 #腾讯视频 #腾讯视频年卡
=== 69b7ba41000000001a02d27c OK
title: 腾讯视频APP闪退
date_text: 03-16
desc: @腾讯视频 这是啥情况
卸载了重新下也不行
=== 69b7b9f100000000230215b0 OK
title: 腾讯视频是崩了么
date_text: 03-16
desc: 怎么一打开一直在闪退啊 看不了逐玉好着急 手机和平板上的都是打不开 卸载了重现下还是闪退进不了app啊
=== 69b7bd43000000002200d572 OK
title: 腾讯视频崩了吗？
date_text: 03-16
desc: #腾讯视频 我想看电视，看逐玉看纯真年代的爱情，妈的，一直给我闪退，根本点不进去
=== 6a5b4adb000000001101c41a OK
title: 腾讯视频吃相不要太难看
date_text: 07-18 北京
desc: @腾讯视频 开了VIP凭什么不能在两台设备同时观看？只有两台设备又不是8台🙄🙄🙄
#不要脸能到什么程度
=== 656feef600000000380276ea OK
title: 腾讯视频服务器崩了，你知道原因吗
date_text: 2023-12-06
desc: 
=== 6a3b6e42000000000f017173 OK
title: 腾讯视频太恶心人了
date_text: 06-24
desc: 暂停有广告就算了，不小心晃动一下直接跳到别的界面，好恶心#腾讯视频
=== 6a1da0df00000000370367be OK
title: 这个腾讯视频真恶心
date_text: 06-01
desc: #腾讯视频 这个腾讯视频不是一般的恶心 就登录一个iPad和手机都不可以，只可以同时登一个设备
=== 6a0ab9360000000008031e2e OK
title: 腾讯视频黑屏怎么处理
date_text: 05-18
desc: 用了快一年，才发现居然摄像头是有盖子的。
品牌是联想小新
=== 69eade8e000000001f031001 OK
title: 腾讯视频太恶心了！腾讯一生黑！
date_text: 04-24
desc: 强制用户更新，不更新强制退出！更新后所有视频没了，偷流量！强制删除你视频！同样的视频D盘瞬间给我干满！#腾讯视频 #恶心 #腾讯视频下载 #垃圾腾讯不做人 #腾讯视频强制更新 #差劲 #腾讯视频偷流量 #偷跑流量
=== 69f8902d000000001f001f6c OK
title: 腾讯视频崩了？
date_text: 05-04
desc: 还是我腾讯视频突然坏掉了？？打开好几次都这样，更新软件也不行😓
	
大家有类似的情况么？#腾讯视频 #腾讯崩了 #腾讯 #APP坏了 #坏软件 #腾讯视频vip
=== 69e9d5a3000000001f031806 OK
title: 腾讯客服棒棒的！
date_text: 04-23
desc: 还有一次！使用「腾讯视频」时，遇到了「购买的超前点播权益无法正常使用，一直提示未开通」的问题，事发时特别窘迫，本来想追剧放松一下，结果被搞得很烦躁。
联系腾讯客服后，客服一步步带着我检查账号登录状态、订单记录和设备权限，全程都很有耐心，没有一点不耐烦，还帮我申请了临时的补偿权益。最后问题顺利解决，终
=== 6987fc5f000000001a033af5 OK
title: 腾讯视频吃相太难看了
date_text: 02-08
desc: 两个号都不能同时播放？
恶心🤮#别影响我看剧的心情 #腾讯视频 @腾讯视频
这样营销运营以后谁还充你们家会员
=== 689bf271000000001d025577 OK
title: 腾讯投屏真恶心
date_text: 2025-08-13
desc: 我手机上的腾讯视频是有VIP的，还是有八年了，我就想把视频投到电视上看，我每次投到电视上都会自动跳转到极光tv里，如果能直接看我也不说啥了，但是极光tv只让看5分钟，意思是就必须得开通电视的VIP呗
如果真是这样，那我连手机VIP都不想开通了
芒果tv就不会这样
不明白为什么要这样搞，用户体验真的很
=== 66f780a5000000001b0223a0 OK
title: 腾讯视频是真垃圾啊
date_text: 2024-09-28
desc: 腾讯视频，你是真拉啊
想看漫长的季节，充了腾讯视频会员，一点开四种会员让我选，给我整懵了，了解了一下，充了一个月vip，开始看，4k画质下有些画面会一卡一卡，应该是帧率没统一上，我寻思客户端是不是好一点，下了客户端，我的个老天爷啊，客户端的sdr是假的，画面暗部暗不下去，发灰。网页版就没有这个问题，
=== 69bf2722000000001a035ce5 OK
title: 腾讯视频吃相也太难看了吧
date_text: 03-22
desc: 第一次见到vip只能看模糊的，下次建议出个SVIP pro#影视会员 #腾讯视频会员
=== 6a6ca5a400000000280069c5 OK
title: 投诉腾讯草地地球超新鲜
date_text: 编辑于 5天前 北京
desc: 避雷这个腾讯，在手机型号完全不足的情况下，毫无解决问题的办法，给与消费者重抽的权利就是选择不要不喜欢的，凭什么因为你们的问题去剥夺消费者的福利和权？？？！！！
@腾讯视频 @腾讯 @腾讯草场地get好物 @腾讯视频GOODS @腾讯视频官方旗舰店 @腾讯娱乐 #请大家引以为戒 #看见的过来评评理吧 
=== 689dd7a6000000001d0373d5 OK
title: 腾讯视频下载好的为啥看不了啊
date_text: 2025-08-14
desc: 已经连了VPN了，准备上飞机看的，现在下载好了说没有播放权限有没有小伙伴也遇到这个问题的，可以一起找一下解决办法
#腾讯视频
=== 6a6eed01000000000801014b OK
title: 腾讯视频闪退怎么办啊
date_text: 3天前 安徽
desc: 一直闪退，一个脱口秀都闪退好几遍，HD版本的一直闪退，我没办法卸载了，装了普通版本的，结果还是闪退
一个演员的段子都看不完整
怎么办啊，有没有解决办法
=== 68d220500000000013008309 OK
title: 为什么腾讯视频看藏海花总是突然黑屏几秒钟
date_text: 2025-09-23
desc: #藏海花
=== 69ca7b1c000000001d01a9b6 OK
title: 海外看不了腾讯视频怎么办？
date_text: 编辑于 04-01
desc: 腾讯视频今天最新更新的吞噬星空。以及仙逆还有没有收看的小伙伴赶紧去收看，如果有看不了的小伙伴的话，我把办法放在P3了。#腾讯视频 #海外生活 #留学 #留学生
=== 68779ee90000000012033655 OK
title: 腾讯吃相不要太难看
date_text: 2025-07-16
desc: 刚充了VIP结果SVIP才能看这个页面还不能截屏
#观众的命也是命 #影视会员 #腾讯#战至巅峰4 #会员 #爱官方大大求热门
=== 6a085a4f00000000070235c8 OK
title: 高价买糟心！腾讯视频直接黑屏，品控优化
date_text: 05-16
desc: 看个腾讯视频都能黑屏，官方难道不做基础测试就敢发售？合着把消费者当免费试验品是吧！价格一点不便宜，体验却这么拉胯。
=== 6a4e11b30000000020038f49 OK
title: 腾讯打不开
date_text: 07-08 湖北
desc: 腾讯怎么了#腾讯视频出问题
=== 6a36864c000000000803fbcc OK
title: 腾讯吃相太难看了
date_text: 06-20
desc: 用svip看最新的一集结果卡的不行！#腾讯 #腾讯视频 #腾讯svip #腾讯会员 #追剧 #观众的命也是命
=== 67d2865f000000000d0163e2 OK
title: 腾讯吃相太难看
date_text: 2025-03-13
desc: 刚买完点映礼就这样，其他SVIP视频也看不了了，白花钱了呗？我再也不会买腾讯的点映礼了，拿消费者当冤大头。腾讯，路转黑。#腾讯视频#限制登录#点映礼看不了#封号 #你觉得腾讯这样合理吗 [PK]#
=== 6a7335d2000000002803286a OK
title: 腾讯视频登录不上🌚
date_text: 昨天 21:08 河南
desc: 有没有小伙伴知道为什么电脑上腾讯视频登录不上，一直是这个界面反应不过来
	
#我的不完美料理 #影视会员 #win11 #腾讯视频
=== 681e202a000000002300d993 OK
title: 腾讯视频吃相真难看
date_text: 2025-05-09
desc: 追剧正开心呢，到家就想换个屏幕大一点的设备，用电脑打开一看，呵，播不了，我的账号就只有在我自己的手机跟电脑登录了，就这都播不了非要我等15分钟，或者是开通SVIP，我请问呢，现在腾讯吃相这么难看了吗！！！#腾讯 #腾讯会员 #我不能理解 #影视会员 #我真的不理解
=== 6762bf55000000001301826f OK
title: 腾讯在干嘛为什么看不了？
date_text: 2024-12-18
desc: 你猜我为什么下载？为什么不给我看？我会员难道到期了吗？为什么不给我看啊啊啊啊啊啊啊啊死腾讯#腾讯视频 #腾讯视频会员 #腾讯看不了 #腾讯视频看不了缓存 #死腾讯
=== 66002a19000000001400468f OK
title: 腾讯视频骗钱！
date_text: 2024-03-24
desc: 腾讯要死 不知道为何其他电视剧都是秒加载
就是这个小日子一直加载不出来！！什么原因啊 骗钱啊！！先是给钱买了svip 今天晚上又花了15块买了点映礼 结果一个p都看不了！！加载了一个小时都不行！！不是网络问题！！加载与凤行10mb每秒的！！就是腾讯拿这个小日子来骗钱#小日子#腾讯视频骗钱
=== 67c46af6000000000602b1c2 OK
title: 腾讯给我退钱
date_text: 2025-03-02
desc: 登陆了会员一直显示加载不出来，退出登陆之后点开就显示画面了，那我开通会员干嘛，放在那里当摆设？？#影视会员 #坑死了坑死了 #退钱
=== 6914755200000000070217c4 OK
title: 有没有用华为笔记本的，腾讯视频打不开
date_text: 编辑于 2025-11-12
desc: 天天都打不开，无语了。每天要重新下载一遍
=== 6a5f3ae3000000000402ae2d OK
title: 腾讯视频自动续费成功退款
date_text: 07-21 河南
desc: 没有收到通知提醒就直接自动续费了，在小红书搜了维权教程结果投诉无果，发现简单快捷的方式，十分钟不到就成功退款了！！
p1：扣款截图
p2：按照小红书维权教程开始投诉
p3：腾讯客服投诉
p4：得到回复，拒绝退款
p5：持续投诉，已经没有任何回复了
❗正确操作过程：
p6：打开腾讯视频app，个人中心
=== 681a0d95000000002300cbba OK
title: 腾讯真是越来越恶心人啦啊
date_text: 2025-05-06
desc: #腾讯视频播放限制
因为在出差，几天都用手机播放，今天忽然想用电脑看个电视剧，结果就被限制了
说vip只能限制在三台设备上用，我明明只在手机和电脑、电视上登过，而且也没有同时播放。
直接还把我限制了，无语ヽ（・＿・；)ノ
还告知我升级才能播放，强制我升成svip嘛？这就有点强买强卖的意思了啊，侵犯我
=== 68afc21e000000001d017576 OK
title: 腾讯视频打不开锦月如歌了！！！
date_text: 2025-08-28
desc: #腾讯视频#锦月如歌 #视频播放故障
真的好奇怪，偏偏就打不开锦月如歌（图1），就一直转圈转圈转圈，清理播放记录、退出重进、开关机都试过，还是老样子
	
特意试了其他视频，基本上都没问题，这是被针对了吗
	
这到底是怎么回事啊！有大佬能解答？
=== 688b961e0000000023022a45 OK
title: 腾讯视频怎么能这么恶心？！
date_text: 2025-08-01
desc: 这不就是直接封号七天？设备移除了也不能用，主设备也不能用，视频也不能看！那不直接就是七天白充vip吗？！不直接就是逼人升级svip吗！！什么垃圾流氓app！还没有地方举报/投诉/修改，还我钱！！#腾讯视频 #垃圾软件
=== 681b4458000000002101995a OK
title: 腾讯吃相太难看了！
date_text: 2025-05-07
desc: 看别人早就吐槽过了 但是还是忍不住再吐槽一下！登陆一个手机一个平板，手机没电了，准备到平板上看！就说我账号异常了，深井冰啊😅😅#我真的不理解 #腾讯 #vip
=== 69ae9c73000000002603c57f OK
title: 腾讯视频发声认错(仅为页面展示错误)
date_text: 03-09
desc: 腾讯视频刚刚发声明出来认错了说是仅为页面展示错误，不影响站内外显示数据 。
=== 69af78a3000000001a01d148 OK
title: 腾讯视频就数据错误致歉!
date_text: 03-10
desc: 3月9日,腾讯视频因为电视剧《逐玉》的收视数据问题登上热搜。有用户发现,自己从未观看过该剧,却出现了观看记录。舆论哗然:难道是刷量造假?腾讯视频紧急回应称,经排查为页面展示错误,非真实播放记录,不影响站内外数据。官方就此致歉。但这个解释能让人信服吗?一个成熟的视频平台,出现如此低级的数据展示错误,本
=== 6a19783d000000003501fc3d OK
title: 腾讯视频投诉妙啊
date_text: 编辑于 05-29
desc: 充了会员，邮件显示到账，结果进号一看没会员。
申诉以后跟我说72小时回复，结果超时不回复。
在投诉结果有实时客服？
还找我要验证码？
我没给 你也查到我信息了啊
腾讯好样的
#影视会员 #维护自己的权益 #腾讯视频
=== 69aeb3a6000000001d025d55 OK
title: 腾讯视频回应播放异常
date_text: 03-09
desc: #腾讯视频#腾讯视频回应播放异常
=== 68960960000000002501a17a OK
title: 腾讯视频VIP完全无法维权！！
date_text: 2025-08-08
desc: 腾讯视频VIP争议
1. 只以自动续费算老用户，否则啥时候充就是新会员。只能登录3台设备，且只能同时在线一台。我17年开始一直购买年卡，至今已经8年， 腾讯客服表示我是“老用户”“新会员” （文字游戏玩得六六的）
2. 账号已有3台设备（我的iPhone ipad和安卓机）登录，只要尝试扫码第4台就
=== 68cd106f0000000012022eb2 OK
title: 腾讯有活人客服吗？
date_text: 2025-09-19
desc: 在电视端购买的svip，是手机号的方式登录的，在手机app上用同一手机号登录为啥一直显示没有会员？
想找客服查询处理一下难如登天 电话公众号无一人工客服 太厉害了 最会踢皮球的售后服务#腾讯视频 #腾讯客服人工
=== 691469bd000000000d034e61 OK
title: 腾讯视频你怎么回事，账号异常注销了都没用
date_text: 2025-11-12
desc: 我就想抢个云包场一直异常，换手机都不行，前几天注销了手机和绑定的，现在重新登录还是不行#腾讯视频 #腾讯视频会员 #云包场腾讯
=== 6a426429000000000f0143a9 OK
title: 腾讯这操作真恶心～
date_text: 编辑于 06-29
desc: 之前每天更2集，上周开始每天更一集，现在直接来什么付费礼包，吃相真“好看”！#追剧
=== 6a2217250000000007020069 OK
title: 有没有人知道，腾讯的人工客服是不是都死了
date_text: 06-05
desc: 
[OK] [核实-小红书正文] verify_xhs.py (timeout=300s) (returncode=0)

===== [解析-小红书窗口] parse_xhs.py (timeout=300s) =====
窗口: 2026-07-30 11:11:26 ~ 2026-08-06 11:11:26
小红书核实 46 条 -> 24h 窗口内 4 条
[OK] [解析-小红书窗口] parse_xhs.py (timeout=300s) (returncode=0)

===== [构建] build_datasource.py =====
[历史] 2026-08-06 当日已有记录，按幂等策略不重复追加
本次共采集: 3098 | 符合情感色彩: 663 (neg 94 /pos 264 /neu 305 ) | 非情感色彩剔除: 2435 (窗口外 2386 /重复 27 /竞品无关 6 /广告控评 8 )
平台明细  微博:639/(56neg 264pos 305neu)  豆瓣:0/(0neg 0pos 0neu)  小红书:4/(4neg 0pos 0neu)  黑猫:34/(34neg 0pos 0neu) (采集/情感细分)
events P0/P1/P2: 0 5 7 | risk_history: 17
written: /Users/xiaoma/CodeBuddy/20260714104056/weibo-sentiment-monitor/datasource.json
[OK] [构建] build_datasource.py (returncode=0)

----- 各步骤结果 -----
  ✓ 采集-微博通用
  ✓ 采集-微博剧综
  ✓ 解析-微博通用
  ✓ 解析-微博剧综
  ✓ 采集-豆瓣
  ✓ 解析-豆瓣
  ✓ 采集-黑猫
  ✓ 解析-黑猫
  ✓ 采集-小红书
  ✓ 筛选-小红书候选
  ✓ 核实-小红书正文
  ✓ 解析-小红书窗口

===== [发布] 部署到 OA Pages 网站 =====
[OA Pages] 更新成功: https://txvideo-sentiment.pages.woa.com

===== [推送] 企业微信群通知 =====
   企业微信推送成功 ✅

===== [提交] git 提交本轮产物 =====
    git push origin main 成功 ✅

[完成] 数据已发布到 OA Pages 网站，并在企业微信推送通知。
[2026-08-07 10:20:01] 启动腾讯视频舆情流水线（后台）...
流水线开始，窗口终点 PIPELINE_NOW = 2026-08-07T10:20:01，窗口起点 = 2026-08-06T10:20:01

===== [采集-微博通用] collect_weibo.py (timeout=2400s) =====
cookies count: 10
tid
WEIBOCN_FROM
SVB
SUB
SUBP
MLOGIN
_T_WM
XSRF-TOKEN
mweibo_short_token
M_WEIBOCN_PARAMS
腾讯视频 卡顿 status= 200 len= 99163
腾讯视频 闪退 status= 200 len= 90454
腾讯视频 崩了 status= 200 len= 91930
腾讯视频 崩溃 status= 200 len= 120086
腾讯视频 黑屏 status= 200 len= 113050
腾讯视频 白屏 status= 200 len= 77634
腾讯视频 花屏 status= 200 len= 85024
腾讯视频 绿屏 status= 200 len= 72965
腾讯视频 无法播放 status= 200 len= 87412
腾讯视频 看不了 status= 200 len= 94827
腾讯视频 加载不出来 status= 200 len= 64685
腾讯视频 缓冲 status= 200 len= 99406
腾讯视频 打不开 status= 200 len= 74268
腾讯视频 点不开 status= 200 len= 91211
腾讯视频 没声音 status= 200 len= 87658
腾讯视频 音画不同步 status= 200 len= 75355
腾讯视频 报错 status= 200 len= 89040
腾讯视频 错误 status= 200 len= 80645
腾讯视频 异常 status= 200 len= 93745
腾讯视频 闪屏 status= 200 len= 130393
腾讯视频 死机 status= 200 len= 77419
腾讯视频 无法登录 status= 200 len= 106619
腾讯视频 登录不上 status= 200 len= 89031
腾讯视频 登录过期 status= 200 len= 112526
腾讯视频 一直转圈 status= 200 len= 101394
腾讯视频 卡住 status= 200 len= 43806
腾讯视频 失效 status= 200 len= 94878
腾讯视频 无响应 status= 200 len= 71239
腾讯视频 自动退出 status= 200 len= 115433
腾讯视频 强制退出 status= 200 len= 83613
腾讯视频 无法打开 status= 200 len= 91514
腾讯视频 投屏 status= 200 len= 87487
腾讯视频 搜索不到 status= 200 len= 92904
腾讯视频 超时 status= 200 len= 84050
腾讯视频 无法使用 status= 200 len= 97655
腾讯视频 会员 status= 200 len= 121201
腾讯视频 SVIP status= 200 len= 117166
腾讯视频 VIP status= 200 len= 103440
腾讯视频 自动续费 status= 200 len= 76417
腾讯视频 退款 status= 200 len= 91332
腾讯视频 扣费 status= 200 len= 77419
腾讯视频 乱扣款 status= 200 len= 84704
腾讯视频 重复扣费 status= 200 len= 75427
腾讯视频 未到账 status= 200 len= 89539
腾讯视频 会员权益 status= 200 len= 99647
腾讯视频 权益不生效 status= 200 len= 17213
腾讯视频 超前点播 status= 200 len= 88538
腾讯视频 套娃收费 status= 200 len= 84490
腾讯视频 会员涨价 status= 200 len= 86756
腾讯视频 云包场 status= 200 len= 92158
腾讯视频 礼品卡 status= 200 len= 102009
腾讯视频 广告 status= 200 len= 68256
腾讯视频 弹窗 status= 200 len= 110574
腾讯视频 多端权益 status= 200 len= 62705
腾讯视频 无法观看 status= 200 len= 91358
腾讯视频 付费内容 status= 200 len= 101345
腾讯视频 投诉 status= 200 len= 95097
腾讯视频 黑猫投诉 status= 200 len= 114779
腾讯视频 举报 status= 200 len= 105230
腾讯视频 维权 status= 200 len= 103048
腾讯视频 差评 status= 200 len= 115556
腾讯视频 数据造假 status= 200 len= 78234
腾讯视频 处罚 status= 200 len= 100916
腾讯视频 罚款 status= 200 len= 79493
腾讯视频 315 status= 200 len= 84407
腾讯视频 消费者协会 status= 200 len= 96589
腾讯视频 律师函 status= 200 len= 70274
腾讯视频 诈骗 status= 200 len= 90816
腾讯视频 骗钱 status= 200 len= 95266
腾讯视频 跑路 status= 200 len= 136936
腾讯视频 停播 status= 200 len= 137561
腾讯视频 客服 status= 200 len= 78394
腾讯视频 监管 status= 200 len= 85258
腾讯视频 通报 status= 200 len= 88360
腾讯视频 曝光 status= 200 len= 109977
腾讯视频 热搜 status= 200 len= 100153
腾讯视频 好看 status= 200 len= 119099
腾讯视频 推荐 status= 200 len= 93512
腾讯视频 值得看 status= 200 len= 102206
腾讯视频 封神 status= 200 len= 163988
腾讯视频 良心剧 status= 200 len= 109346
腾讯视频 好评 status= 200 len= 119954
腾讯视频 必看 status= 200 len= 124909
腾讯视频 强推 status= 200 len= 104247
腾讯视频 宝藏 status= 200 len= 113276
腾讯视频 精彩 status= 200 len= 116330
腾讯视频 满意 status= 200 len= 98418
腾讯视频 流畅 status= 200 len= 94119
腾讯视频 更新 status= 200 len= 91140
腾讯视频 定档 status= 200 len= 121906
腾讯视频 开播 status= 200 len= 107195
腾讯视频 预告 status= 200 len= 109927
腾讯视频 阵容 status= 200 len= 86511
腾讯视频 官宣 status= 200 len= 93923
腾讯视频 独播 status= 200 len= 102058
腾讯视频 片单 status= 200 len= 120281
腾讯视频 热度 status= 200 len= 110515
腾讯视频 获奖 status= 200 len= 101425
done
[OK] [采集-微博通用] collect_weibo.py (timeout=2400s) (returncode=0)

===== [采集-微博剧综] collect_weibo_content.py (timeout=2400s) =====
醉梦 差评 status= 200 len= 101895
醉梦 一星 status= 200 len= 83731
醉梦 弃剧 status= 200 len= 75467
醉梦 抠图 status= 200 len= 93480
这一秒过火 差评 status= 200 len= 99039
这一秒过火 一星 status= 200 len= 117038
这一秒过火 弃剧 status= 200 len= 84615
这一秒过火 抠图 status= 200 len= 87898
京城奇探 差评 status= 200 len= 21175
京城奇探 一星 status= 200 len= 15591
京城奇探 弃剧 status= 200 len= 73650
京城奇探 抠图 status= 200 len= 15591
兵自风中来 差评 status= 200 len= 72062
兵自风中来 一星 status= 200 len= 26539
兵自风中来 弃剧 status= 200 len= 86706
兵自风中来 抠图 status= 200 len= 16137
百花杀 差评 status= 200 len= 100154
百花杀 一星 status= 200 len= 99403
百花杀 弃剧 status= 200 len= 114352
百花杀 抠图 status= 200 len= 86463
藏锋 差评 status= 200 len= 98930
藏锋 一星 status= 200 len= 85202
藏锋 弃剧 status= 200 len= 43981
藏锋 抠图 status= 200 len= 38962
小芳出嫁 差评 status= 200 len= 23478
小芳出嫁 一星 status= 200 len= 15575
小芳出嫁 弃剧 status= 200 len= 31631
小芳出嫁 抠图 status= 200 len= 15575
遮天 差评 status= 200 len= 79860
遮天 一星 status= 200 len= 67514
遮天 弃剧 status= 200 len= 54535
遮天 抠图 status= 200 len= 75511
梦花廷 差评 status= 200 len= 67651
梦花廷 一星 status= 200 len= 71010
梦花廷 弃剧 status= 200 len= 85175
梦花廷 抠图 status= 200 len= 36772
花开锦绣 差评 status= 200 len= 90645
花开锦绣 一星 status= 200 len= 103977
花开锦绣 弃剧 status= 200 len= 71741
花开锦绣 抠图 status= 200 len= 99584
待我醒来时 差评 status= 200 len= 16361
待我醒来时 一星 status= 200 len= 127680
待我醒来时 弃剧 status= 200 len= 40798
待我醒来时 抠图 status= 200 len= 16137
有喜的日子 差评 status= 200 len= 48651
有喜的日子 一星 status= 200 len= 27411
有喜的日子 弃剧 status= 200 len= 44780
有喜的日子 抠图 status= 200 len= 37754
师兄太稳健 差评 status= 200 len= 90129
师兄太稳健 一星 status= 200 len= 25814
师兄太稳健 弃剧 status= 200 len= 42207
师兄太稳健 抠图 status= 200 len= 46006
雀骨 差评 status= 200 len= 97038
雀骨 一星 status= 200 len= 92997
雀骨 弃剧 status= 200 len= 83838
雀骨 抠图 status= 200 len= 115929
深渊无间 差评 status= 200 len= 73930
深渊无间 一星 status= 200 len= 37732
深渊无间 弃剧 status= 200 len= 20583
深渊无间 抠图 status= 200 len= 15575
十日终焉 差评 status= 200 len= 112128
十日终焉 一星 status= 200 len= 118093
十日终焉 弃剧 status= 200 len= 80833
十日终焉 抠图 status= 200 len= 112621
人鱼 差评 status= 200 len= 92856
人鱼 一星 status= 200 len= 84102
人鱼 弃剧 status= 200 len= 98072
人鱼 抠图 status= 200 len= 96336
脱口秀和Ta的朋友们 差评 status= 200 len= 108375
脱口秀和Ta的朋友们 一星 status= 200 len= 50084
脱口秀和Ta的朋友们 弃剧 status= 200 len= 114625
脱口秀和Ta的朋友们 抠图 status= 200 len= 42361
主咖 差评 status= 200 len= 91059
主咖 一星 status= 200 len= 97514
主咖 弃剧 status= 200 len= 87756
主咖 抠图 status= 200 len= 40164
现在就出发 差评 status= 200 len= 96551
现在就出发 一星 status= 200 len= 54004
现在就出发 弃剧 status= 200 len= 80666
现在就出发 抠图 status= 200 len= 108189
哈哈哈哈哈 差评 status= 200 len= 114355
哈哈哈哈哈 一星 status= 200 len= 123527
哈哈哈哈哈 弃剧 status= 200 len= 84613
哈哈哈哈哈 抠图 status= 200 len= 95118
地球超新鲜 差评 status= 200 len= 127820
地球超新鲜 一星 status= 200 len= 121352
地球超新鲜 弃剧 status= 200 len= 99417
地球超新鲜 抠图 status= 200 len= 111037
五十公里桃花坞 差评 status= 200 len= 113263
五十公里桃花坞 一星 status= 200 len= 84101
五十公里桃花坞 弃剧 status= 200 len= 86015
五十公里桃花坞 抠图 status= 200 len= 99500
一饭封神 差评 status= 200 len= 99454
一饭封神 一星 status= 200 len= 115191
一饭封神 弃剧 status= 200 len= 78818
一饭封神 抠图 status= 200 len= 15591
哆来咪哪里咪 差评 status= 200 len= 16907
哆来咪哪里咪 一星 status= 200 len= 16667
哆来咪哪里咪 弃剧 status= 200 len= 16683
哆来咪哪里咪 抠图 status= 200 len= 16683
我是剧星 差评 status= 200 len= 15799
我是剧星 一星 status= 200 len= 15687
我是剧星 弃剧 status= 200 len= 34419
我是剧星 抠图 status= 200 len= 15687
心动的信号 差评 status= 200 len= 85402
心动的信号 一星 status= 200 len= 86509
心动的信号 弃剧 status= 200 len= 77166
心动的信号 抠图 status= 200 len= 108229
半熟恋人 差评 status= 200 len= 90796
半熟恋人 一星 status= 200 len= 62083
半熟恋人 弃剧 status= 200 len= 71591
半熟恋人 抠图 status= 200 len= 15591
开始推理吧 差评 status= 200 len= 163017
开始推理吧 一星 status= 200 len= 118307
开始推理吧 弃剧 status= 200 len= 87191
开始推理吧 抠图 status= 200 len= 174334
一路向海的少年 差评 status= 200 len= 113848
一路向海的少年 一星 status= 200 len= 26310
一路向海的少年 弃剧 status= 200 len= 17229
一路向海的少年 抠图 status= 200 len= 27969
腾讯视频 剧 塌房 status= 200 len= 110046
腾讯视频 剧 数据造假 status= 200 len= 91273
腾讯视频 剧 抠图 status= 200 len= 99842
腾讯视频 综艺 尴尬 status= 200 len= 97830
腾讯视频 短剧 骂 status= 200 len= 102979
腾讯视频 断更 status= 200 len= 100507
腾讯视频 独播 差评 status= 200 len= 62304
腾讯视频 剧 下架 status= 200 len= 128345
醉梦 好看 status= 200 len= 103530
醉梦 推荐 status= 200 len= 95501
醉梦 值得看 status= 200 len= 46575
醉梦 封神 status= 200 len= 88726
醉梦 好评 status= 200 len= 115907
这一秒过火 好看 status= 200 len= 105151
这一秒过火 推荐 status= 200 len= 92575
这一秒过火 值得看 status= 200 len= 78999
这一秒过火 封神 status= 200 len= 116295
这一秒过火 好评 status= 200 len= 106087
京城奇探 好看 status= 200 len= 80764
京城奇探 推荐 status= 200 len= 84926
京城奇探 值得看 status= 200 len= 32772
京城奇探 封神 status= 200 len= 123170
京城奇探 好评 status= 200 len= 93824
兵自风中来 好看 status= 200 len= 88106
兵自风中来 推荐 status= 200 len= 91966
兵自风中来 值得看 status= 200 len= 54700
兵自风中来 封神 status= 200 len= 101424
兵自风中来 好评 status= 200 len= 97549
百花杀 好看 status= 200 len= 113321
百花杀 推荐 status= 200 len= 89745
百花杀 值得看 status= 200 len= 88149
百花杀 封神 status= 200 len= 111007
百花杀 好评 status= 200 len= 89389
藏锋 好看 status= 200 len= 107422
藏锋 推荐 status= 200 len= 128485
藏锋 值得看 status= 200 len= 151722
藏锋 封神 status= 200 len= 88757
藏锋 好评 status= 200 len= 102418
脱口秀和Ta的朋友们 好看 status= 200 len= 106931
脱口秀和Ta的朋友们 推荐 status= 200 len= 98610
脱口秀和Ta的朋友们 值得看 status= 200 len= 86599
脱口秀和Ta的朋友们 封神 status= 200 len= 108111
脱口秀和Ta的朋友们 好评 status= 200 len= 112810
主咖 好看 status= 200 len= 91367
主咖 推荐 status= 200 len= 97213
主咖 值得看 status= 200 len= 68883
主咖 封神 status= 200 len= 101387
主咖 好评 status= 200 len= 175714
现在就出发 好看 status= 200 len= 117008
现在就出发 推荐 status= 200 len= 104521
现在就出发 值得看 status= 200 len= 86636
现在就出发 封神 status= 200 len= 105246
现在就出发 好评 status= 200 len= 110652
哈哈哈哈哈 好看 status= 200 len= 71316
哈哈哈哈哈 推荐 status= 200 len= 102605
哈哈哈哈哈 值得看 status= 200 len= 102698
哈哈哈哈哈 封神 status= 200 len= 86307
哈哈哈哈哈 好评 status= 200 len= 114409
醉梦 更新 status= 200 len= 130589
醉梦 定档 status= 200 len= 95867
醉梦 开播 status= 200 len= 110934
醉梦 预告 status= 200 len= 110696
醉梦 阵容 status= 200 len= 99853
这一秒过火 更新 status= 200 len= 100322
这一秒过火 定档 status= 200 len= 90297
这一秒过火 开播 status= 200 len= 113544
这一秒过火 预告 status= 200 len= 126254
这一秒过火 阵容 status= 200 len= 98965
京城奇探 更新 status= 200 len= 94973
京城奇探 定档 status= 200 len= 101652
京城奇探 开播 status= 200 len= 86282
京城奇探 预告 status= 200 len= 91157
京城奇探 阵容 status= 200 len= 100093
兵自风中来 更新 status= 200 len= 79600
兵自风中来 定档 status= 200 len= 87253
兵自风中来 开播 status= 200 len= 88094
兵自风中来 预告 status= 200 len= 91896
兵自风中来 阵容 status= 200 len= 96472
百花杀 更新 status= 200 len= 92296
百花杀 定档 status= 200 len= 93996
百花杀 开播 status= 200 len= 114460
百花杀 预告 status= 200 len= 88922
百花杀 阵容 status= 200 len= 99295
藏锋 更新 status= 200 len= 77601
藏锋 定档 status= 200 len= 117403
藏锋 开播 status= 200 len= 117192
藏锋 预告 status= 200 len= 95594
藏锋 阵容 status= 200 len= 105421
脱口秀和Ta的朋友们 更新 status= 200 len= 96257
脱口秀和Ta的朋友们 定档 status= 200 len= 111328
脱口秀和Ta的朋友们 开播 status= 200 len= 122563
脱口秀和Ta的朋友们 预告 status= 200 len= 117968
脱口秀和Ta的朋友们 阵容 status= 200 len= 102447
主咖 更新 status= 200 len= 95891
主咖 定档 status= 200 len= 105058
主咖 开播 status= 200 len= 107173
主咖 预告 status= 200 len= 98130
主咖 阵容 status= 200 len= 83739
现在就出发 更新 status= 200 len= 99764
现在就出发 定档 status= 200 len= 90112
现在就出发 开播 status= 200 len= 94019
现在就出发 预告 status= 200 len= 110698
现在就出发 阵容 status= 200 len= 96682
哈哈哈哈哈 更新 status= 200 len= 79552
哈哈哈哈哈 定档 status= 200 len= 127810
哈哈哈哈哈 开播 status= 200 len= 91637
哈哈哈哈哈 预告 status= 200 len= 72986
哈哈哈哈哈 阵容 status= 200 len= 87662
done
[OK] [采集-微博剧综] collect_weibo_content.py (timeout=2400s) (returncode=0)

===== [解析-微博通用] parse_weibo.py (timeout=300s) =====
Total unique posts: 796
In 24h window: 255
Out of window / unknown time: 541
saved.
[OK] [解析-微博通用] parse_weibo.py (timeout=300s) (returncode=0)

===== [解析-微博剧综] parse_weibo_content.py (timeout=300s) =====
Total unique posts: 1677
In 24h window: 390
Total all posts saved: 1677
saved. printing all in-window posts:
2026-08-07T10:27:56 | 苏西煮芋圆 | 老夫老妻的撒狗粮日常飞机上吃米粉 我动作慢 老公已经把自己的米饭喂道我嘴里了 我还在墨迹的掀盖子老公先是喂我几口米饭 让我嘴里有东西吃 然后接过我的粉帮我拌好我
2026-08-07T10:27:48 | 爱吃核桃的小核桃_ | 真的很好看！#央仔道晚安# 张凌赫
2026-08-07T10:26:57 | 花开富贵黄小狐 | 只是秋天多忧思。想到了晖晖，想到了娟。20年第一笔奖学金发下来的时候去了长沙，第一次坐飞机来到那个湿度很大的城市，说实话我并不喜欢那里，因为常年看不到太阳，大体
2026-08-07T10:23:36 | 芊颀6896359885 | 今天早上我妈突然跑过来跟我说你昨天说协和还有剩余号哒，我说是天坛医院有剩余号，然后不说话，我想她大概又想去协和了，然后我就给她看号，app先是要更新然后密码忘了
2026-08-07T10:17:45 | Flyyy_egg | 我小猪猪到底什么时候定档到货
2026-08-07T10:16:54 | 真要笑疯了 | 王安宇脑回路清奇，小白被逗疯，综艺DNA直接炸裂！#现在就出发##\n##好看的综艺推荐\n##谁的综艺dna动了##\n# 真要笑疯了的微博视频 
2026-08-07T10:16:23 | 在我面前别羞羞 | 是真的哈哈哈//@酒酿熊子:啊啊啊啊啊//@西升月:同意//@瓜农与花农:还真是//@徒手劈香蕉:笑晕//@吾六一061:哈哈哈哈哈//@格兰芬多公共休息室:确
2026-08-07T10:14:32 | 一粒糯米化三清 | 不中了//@阿顾不吃羊肉://@无边桃炎:哈哈哈哈哈欠揍//@浴中奇思:好毒的嘴//@评论罗伯特:没事，我会带着你那份一起看的，毕竟我的寿命还没那么短//@神犬
2026-08-07T10:13:36 | Die4Mec | 这一秒过火竟然有刘令姿？！青你最喜欢的人，王楚然怎么这么好看 
2026-08-07T10:09:57 | 追剧-小糖果 | 《咱家剑宗团宠小师妹》第三季这个好看！哈哈哈绝对开心 1-3季全 #AI# 
2026-08-07T10:09:57 | 金金金龙_- | 该定档了吧
2026-08-07T10:08:36 | 狸公子 | 和姐姐逛街，我俩轮换背同一个包。她瞅了我一眼，纳闷道：怎么你背就酷酷的晚上跟她回家，她断舍离清出来的短袖被我挑走。穿着去超市，她盯着我身上的衣服，一脸后悔：“怎
2026-08-07T10:08:28 | 或许人类只需要睡觉 | “好虐好哭好好看，夯爆了！”~
2026-08-07T10:07:49 | 我在好莱坞 | #兵自风中来导演对黄景瑜有点惭愧##兵自风中来导演感谢黄景瑜#愿意吃苦打磨角色，不炒作不抱怨，也难怪导演提起他满心愧疚与感谢。 
2026-08-07T10:07:29 | 娱乐新观察 | #兵自风中来导演对黄景瑜有点惭愧##兵自风中来导演感谢黄景瑜# 彼此互相理解尊重，导演感念黄景瑜的付出，这样的合作太戳人了。 
2026-08-07T10:07:26 | 元宝团子Mk | #兵自风中来导演对黄景瑜有点惭愧##兵自风中来导演感谢黄景瑜#明明只是友情帮忙客串，却拿出十足的状态，也难怪导演会心里觉得过意不去 
2026-08-07T10:06:05 | 电视周刊 | #兵自风中来导演对黄景瑜有点惭愧##兵自风中来导演感谢黄景瑜#幕后的辛苦很少有人看见，还好导演记得，大方说出对黄景瑜的歉意。 
2026-08-07T10:05:52 | Evanna____ | 啊啊啊啊啊好想看快点定档
2026-08-07T10:05:45 | 饭圈老鬼 | #兵自风中来导演对黄景瑜有点惭愧##兵自风中来导演感谢黄景瑜#认真对待每一场镜头，不惧恶劣环境，黄景瑜值得导演这份真诚致谢。 
2026-08-07T10:04:20 | 噗忒头的漂流日记 | #兵自风中来导演对黄景瑜有点惭愧##兵自风中来导演感谢黄景瑜#难得看见导演直白表达歉意与感谢，足以证明黄景瑜的敬业打动所有人。 
2026-08-07T10:03:59 | 我推的元气偶像 | #兵自风中来导演对黄景瑜有点惭愧##兵自风中来导演感谢黄景瑜# 一场场硬核戏份亲自上阵，没有叫苦，导演的惭愧也是对他最大的肯定。 
2026-08-07T10:03:49 | 安Ann-forever | #生活手记# 1.长教训——乱叉队，先来后到都不懂。早知道不让那个十点要上班的女士了我真是烂好人。早知道我拿着自己的身份证排队了。2.今天临时有事不得已休息一天
2026-08-07T10:03:41 | 笨笨吃了睡 | #兵自风中来导演对黄景瑜有点惭愧##兵自风中来导演感谢黄景瑜#不挑剔环境、不推诿戏份，踏踏实实拍戏，难怪导演一直记着他的付出。 
2026-08-07T10:03:00 | 雪雪酱yaya | 真是服了，从开播一直都是摆烂状态@这一秒过火官微//@谁长尾巴了:还有评论区发现的问题，他们发的收视峰值0.37应该为0.32也就是也是造假的，而真正的收视峰值
2026-08-07T10:02:42 | 娱乐通讯社 | #兵自风中来导演对黄景瑜有点惭愧##兵自风中来导演感谢黄景瑜# 导演聊起拍摄往事满是感慨，心疼黄景瑜承受的拍摄压力，十分真诚。 
2026-08-07T10:02:22 | 没品搞笑排行榜 | #兵自风中来导演对黄景瑜有点惭愧##兵自风中来导演感谢黄景瑜#在严苛的拍摄环境里坚持到底，黄景瑜用行动交出答卷，收获导演认可。 
2026-08-07T10:02:16 | 用户9176157274 | #买车看参数还是看牌子# 以前选车跟做数学题似的，拿个Excel表把各家参数拉出来一行行比对，续航差50公里都要纠结三天🤯 后来发现真没必要——现在随便一台主流
2026-08-07T10:02:01 | 时代娱乐周刊 | #兵自风中来导演对黄景瑜有点惭愧##兵自风中来导演感谢黄景瑜#导演说出内心的惭愧与谢意，双向尊重，这样的剧组氛围真的很难得。 
2026-08-07T10:00:14 | 脱口秀和Ta的朋友们 | #脱友3台上一人讲台下一队撑# 每一种声音都应该被听到，每一次大笑都值得被记录！在这里可以 尽情抒发，传递快乐！今天中午12点，笑友团@陈鲁豫的电影沙发 @大张
2026-08-07T09:57:48 | 任何困难都打不倒我小强 | 有6张特别好看的被我拿去精修了 修成那种森系的暗暗的风格哈哈哈摄影师说一定得有一张带延吉俩字的 就有了p1 
2026-08-07T09:57:27 | 视你的剧 | 8.6百指人鱼1.39万，这就下降了花开锦绣要播了，百指仍然异常天才女友降到1.5万了，降的有点夸张了，现在偶像剧开局没起来后面就难了兵自风中来超点12万，涨了
2026-08-07T09:55:53 | 资深撒盐器 | 这个兵自风中来真的非常好看 
2026-08-07T09:55:51 | 荧火炽蝶 | 《爱情有烟火》好看！檀健次演技牛！
2026-08-07T09:55:50 | 用户8461349819 | 谁懂 我昨天去洗头剪刘海 因为我旁边实在没有头发啦 想着剪了养一养看看能长出头发吗！然后hzl 就说让我拍照片看看 就一直开玩笑说找小三（我们两个老这样哈哈哈）
2026-08-07T09:53:16 | 米奇爱仔仔1314 | 兵自风中来赶紧出第二季吧，求你了，太好看了，我直接太爱太喜欢了！出第二季多出几个几十季！ 
2026-08-07T09:53:04 | 十块钱敲可爱我怎么能不喜欢 | 哈哈哈哈哈哈哈哈哈我虽然用的少但我逢人就推荐，可以随便用碗自由了，咱们要做的只有把它们都丢进洗碗机，然后就可以等着收又干净又亮的漂亮碗筷碟了！ 人类伟大发明之一
2026-08-07T09:49:30 | 真是没招了尕 | 一直想说我的腋下管理器是20年买的，还是巨好用哈哈哈哈哈哈哈最开始好像是木瓜推荐我的 
2026-08-07T09:48:51 | -MOO-N-LIGHT- | #百花杀# 我的评分：🌟亮点推荐： 
2026-08-07T09:45:45 | 无锡电视官方微博 | #跟着张凌赫打卡无锡美食#@张凌赫z 主演的《这一秒过火》正在热播。作为无锡人，他曾在采访中安利：无锡有好看的景色，也有好吃的美食，糖醋排骨、太湖三白、小笼包等
2026-08-07T09:45:36 | 心原真然 | 张凌赫的这一秒过火好看
2026-08-07T09:44:40 | 我就是想吃乌冬面怎么了 | 昨天跳了ice cream，穿着不适配的很爵士的衣服，中午晚上都没有吃正餐，头晕晕的，老师也很爵。舞蹈其实很难跳出来然竣的感觉，核心如同ice cream般化开
2026-08-07T09:41:01 | 笨猫说读写 | 哈哈哈，大家纷纷推荐短剧，mark一个评论区
2026-08-07T09:39:34 | 漂亮弟弟收容所 | 同意//@明言明宝:我不行了//@酒酿熊子:啊啊啊啊啊//@西升月:同意//@瓜农与花农:还真是//@徒手劈香蕉:笑晕//@吾六一061:哈哈哈哈哈//@格兰芬
2026-08-07T09:38:05 | 甜甜冉儿yibo | 哈哈哈//@吃货暖de妈咪:什么脑洞啊啊啊啊啊啊啊//@哎哦嘿哟://@哈莉啵莉:你们几个古代人咋了？？？//@夏天也可以穿马甲:我要笑死了，ibo的脑洞啊~ 
2026-08-07T09:37:53 | 嗷呜嗷呜在这呢 | 啊啊啊啊茶颜悦色好好喝，一天三杯起，走的时候还带了两杯回来哈哈哈！！！小龙虾也太好吃了，居然清蒸小龙虾是最好吃的，嘎嘎炫这个凑豆腐又脆又软又多汁的，跟你们没吃过
2026-08-07T09:37:15 | DokiDoki花 | 哈哈哈，第二 三张好评！！！！！
2026-08-07T09:34:46 | 综艺CP社 | 国内视频平台，竟在东南亚掀起热潮？#腾讯视频# #爱奇艺# #电视剧# 综艺CP社的微博视频 
2026-08-07T09:33:38 | 用户7784746842 | #这一秒过火# 我的评分：很好看，结奏快，看的好上头啊，推荐 
2026-08-07T09:32:13 | 紙鉉 | 8/6/26这一秒过火，我真不敢往下看，听说全员be，快要哭死。只求彩蛋剪辑给力点！转头回看《我的前半生》，笑到不行。《桃子》也很好看，还有如懿传锐评解说，笑点
2026-08-07T09:28:50 | 一念三千啵啵茶 | 内个。。。雀骨没有百花杀好看，好多那种慢镜头的情感戏，走剧情的部分也怪怪的，反正我觉得没有百花杀好看 
2026-08-07T09:26:10 | 鹅妈妈想吃糖 | 特别好看不够看@张凌赫z
2026-08-07T09:20:00 | 央视一套 | #CCTV1剧好看#【#兵自风中来央一热播#】警觉成为本能，反应快过意识。锁定CCTV-1，电视剧#兵自风中来#今天播出第9～11集，敬请关注！@欧豪 @蓝盈莹
2026-08-07T09:18:15 | 吃么什吃 | 《这一秒过火》好看！秒🔥oe 
2026-08-07T09:14:22 | 真要笑疯了 | 《现在就出发》凭实力印证：综艺选对嘉宾，才真有看点！#沈腾##胡先煦##现在就出发##逆水寒手游# 真要笑疯了的微博视频 
2026-08-07T09:12:21 | 碎光成册 | studyaccount#复盘/日复盘/2026260806：❎学习✅读写✅运动✅早睡早起· 久违的户外运动，天实在太热，虽然晒点太阳心情会更好，但也真的热的不
2026-08-07T09:11:26 | 人参喜乐丨减肥版 | #粉笔公告自曝决策失误#真诚才是必杀技？哈哈哈哈哈哈哈这公告读的我觉得好好笑  记得五月份买AI面试班的时候一千多 当时还看到有券跟客服要 以为大几百 结果好像
2026-08-07T09:09:28 | 亦言茜语 | #立秋#我是真佩服哈尔滨的天气，昨晚31度，今天立秋，早起立马20度，吹着凉风还有点冻腿今天要吃饺子，吃肉肉，贴秋膘老传统了，怕胖的可以啃黄瓜哈哈哈 
2026-08-07T09:08:32 | 女娲的作品 | 当所有人都在质疑现在就出发的最新阵容 我只想说此女的综艺天赋终于被发现了 如果抽象是一种天赋 王楚然 现在就出发 抽象 搞笑 奔跑吧 女娲的作品的微博视频 
2026-08-07T09:05:51 | 凌间寻赫 | #这一秒过火# 我的评分：剧情情节曲折但是充满意义主人公也都非常有自己鲜明的个性🌟亮点推荐：好看 颜值超高 剧情有意思 
2026-08-07T09:02:51 | 主打一个随心瓜呐 | 闹半天这一秒过火超点之后集均才1290w，真是开播之后一秒熄火！ 
2026-08-07T09:00:00 | 你很猫 | 8月热播的3部电视剧，好评如潮看点十足：1、《御廷谣》主演：吴谨言、陈哲远2、《天才女友》主演：田曦薇、胡一天3、《这一秒过火》主演：张凌赫、王楚然你最喜欢哪一
2026-08-07T08:58:49 | 可爱炸了yb | #这一秒过火# 这一秒过火慕容清峄任素素壁纸更新#王楚然##张凌赫#电视剧这一秒过火 
2026-08-07T08:58:46 | 11ioouuuu | 张凌赫#张凌赫# | #张凌赫萧厉#小核桃们能给我推荐奶茶吗！@张凌赫z张凌赫｜张凌赫慕容清峄｜张凌赫这一秒过火｜张凌赫萧厉 | 张凌赫归鸾 
2026-08-07T08:58:37 | 野生影视推荐官 | 兵自风中来 超前点播 全36集夸克链接：网页链接最近两年最好看的军旅剧，充分展现新时代部队新智作战力量面貌！欧豪演的就是当前我们需要的指挥官，演活了！吴东胜那几
2026-08-07T08:56:33 | 星味社 | #林更新# #林更新九亿少女的梦# #王安宇# 沈腾 现在就出发 爆笑综艺 星味社的微博视频 
2026-08-07T08:53:40 | 別來無恙94797 | 一下有点接受不了怎么办哈哈哈 
2026-08-07T08:52:40 | 小白不吃饭A | 🎧08.06 广播剧&amp;有声剧最新更新合集📢✨正剧更新▫《斩尘缘》更新至961▫《致命毒蝎：男子犯罪档案》更新至159▫《沉入地球》有声剧72｜正剧71▫
2026-08-07T08:45:48 | 攒人品的小米饼 | 百花杀弃剧不仅是剧情的原因 还有配音演员我可太熟了 看着那一张张脸我入不了戏 这会听有声剧 也入不了戏 不自觉的代入顾青裴出轨了年轻的时候听好久直播怎么现在就直
2026-08-07T08:44:58 | 追风向标 | #张凌赫这个眼神有点过火# 刚补完《这一秒过火》的更新，别的情节没记住，就记住张凌赫那个带点哑的眼神，他盯着对方不说话的时候，我连后续的剧情都替他脑补完了，这演
2026-08-07T08:44:20 | 有钱哥哥本人女朋友 | 京城奇探 特好看 
2026-08-07T08:42:37 | OHO_海鸥一枚 | 欧豪  💙#欧豪兵自风中来郭子剑# 舍不得郭营长的一天，又要戒断好长一段时间了，欧豪后面的剧快快开播！ 
2026-08-07T08:40:56 | 呦猫yion | #孟子义沈汐和#mzy#孟子义百花杀#你与明月都好看 皆是人间浪漫 𝐘𝐨𝐮 𝐚𝐧𝐝 𝐭𝐡𝐞 𝐦𝐨𝐨𝐧 𝐚𝐫𝐞 𝐛𝐞𝐚𝐮𝐭𝐢𝐟𝐮𝐥, 𝐚𝐫𝐞 𝐫𝐨𝐦𝐚𝐧𝐭𝐢𝐜.@
2026-08-07T08:39:44 | 萧楚白在此 | #张凌赫这个眼神有点过火#从仙门到权谋再到《这一秒过火》，他眼神里的戏从来没空过，这次特工款直接封神 
2026-08-07T08:39:28 | 藏海的白 | 肖战#莫得闲剧好看今日开播#xz#莫得闲剧好看上线#山河动荡，小镇藏锋。《莫得闲》择八一节点开播，借戈止镇一隅，写乱世众生风骨。肖战落地塑造角色，把普通人的胆怯
2026-08-07T08:38:33 | 姐小多太想忙超 | Tesla更新OTA 竟然有豆包是怕开车无聊 可以找它聊天吗哈哈哈 
2026-08-07T08:30:29 | 琥珀的锦鲤大王_追剧版 | 26.8.6百指人鱼1.3W天才女友1.5W九门相加16W御廷谣3.8W兵自风中来12.3W（这剧还是有后劲的）花开锦绣9684（定档8.9，分城贴出来了） 
2026-08-07T08:24:11 | -Faterunsout | 孟子义  mzy#孟子义百花杀# mzy#孟子义沈汐和# 喜欢孟子义已经整整一年了。这一年里，难过疲惫的时候，我总会看看她。我不只是欣赏她好看的外表，更打动我的
2026-08-07T08:21:29 | 换个泥撑玩玩 | #兵自风中来开播#昨天一口气追完，此刻在迟到的边缘试探～吴大洲：小郭你天真这点特别可爱被东方晴天他们最后一波进攻KO，吴大洲：哇哦～(此处值得反复观看&amp;
2026-08-07T08:18:17 | 芝麻汤圆铜豌豆 | #苍兰诀#哈哈哈哈哈依旧和两年前的自己共情，原来开播四周年了吗哈哈，平行世界的小兰花和大强，你们是不是很幸福呀。。。 
2026-08-07T08:18:00 | 如愿-清越 | 谁能料到高颜值阵容演绎的《这一秒过火》，披着言情外衣，内核却是家国大义。前期纠结爱恨纠葛，结局全员舍身赴难，牺牲桥段看得破防。乱世情爱皆是浮云，满腔热血只为救国
2026-08-07T08:12:41 | 提钱暴富 | #木木看文# 京枝难攀  仲夏雨真的太久太久没完整看完一本小说了五星好评。一星给一口气看完，一星给情感浓郁和情节流畅，一星给女主主体性很强从头到尾人设都很稳，一
2026-08-07T08:11:06 | 小雨薄荷糖_h | 王安宇  亲爱的安宇：       展信佳，安宇，出道八周年快乐！这一路走来的艰辛我们都看在眼里，这大概是我喜欢上你的968天，在欢乐颂3里，我就曾被你塑造的角
2026-08-07T08:01:15 | Cris-home | 很好看
2026-08-07T08:00:01 | 张凌赫核桃种植园 | 剧播期间任务清单🗒️1️⃣每日v榜图文版👉🏻网页链接视频版👉🏻网页链接2️⃣爱奇艺明星影响力榜单‼️👉🏻网页链接3️⃣超点上线，依据图1要求挂播1-33集‼️超
2026-08-07T07:59:54 | 小西瓜蹲下来 | 没有更新炒股日记的这一周里…我钻研我反思我…当然又是赚钱的一周了！！哈哈哈哈哈作为亚洲第五龙，卧龙凤雏里的那一条，能保持住如此优良的战绩，能在七月的科技里厮杀胜
2026-08-07T07:54:46 | 番茄酱爱番茄 | 现场还原：越努力越搞笑的教科书沈腾原本是认真挑战的，但进度赶不上蒋奇明——1. 先嘴硬：&quot;我这是偏兰州的手法&quot;2. 跟不上节奏，主动求助导演
2026-08-07T07:51:28 | 木M点点 | 浮生绝美路透，一看导演！！！路透在这里，那导演在哪里！！！ 这个机位是代拍的话，正片基本就没戏了，因为导演的机位没在我记得有个导演天天研究路透在哪个位置，并迅速
2026-08-07T07:50:19 | 萌娃历险记 | 细品赐婚名场面，两人虽同展笑颜，却暗藏玄机——一个强忍笑意，一个难掩雀跃，情绪张力拉满！#崔晋百# #董子凡# #步疏林# 范帅琦 好剧推荐 百花杀 萌娃历险记
2026-08-07T07:49:58 | 爱喝咖啡的甜 | 欧豪  #欧豪兵自风中来郭子剑# 我有点后悔超前点映了 兵自风中来 在郭子剑的军礼中 落下帷幕 盼了好几年的我的兵王 就这样在每一天等待更新的日子里 结束了 虽
2026-08-07T07:30:50 | 人生就是一个人的旅程 | 全东北都在等立秋，据说立秋了气温垮镲一下就降下来了，哈哈哈，一早上开了一下窗，迎面扑来比昨天早上更热的热水风，大连是地理上属于东北，气候和生活习惯上属于山东省！
2026-08-07T07:25:11 | Zoey落日信 | 孟子义 昭宁郡主你笑起来真好看 电视剧百花杀#孟子义沈汐和# 
2026-08-07T07:13:30 | ALDChatone | 20260807 • LONG•⚡️PlusChat更新贴纸*1今天在中国有一个叫“秋天的第一杯奶茶”的网络梗。 哥哥给你买🧋哈哈哈🤭今天要喝秋天的第一杯奶茶吗
2026-08-07T07:09:52 | 星星向自由 | 王安宇#超星动告白信箱##王安宇出道八周年快乐# 亲爱的丸宇，老王哥，王·打篮球专业的 粤语第一名 大将军 王安我棍儿哥 五阿呆 怒音强项 安宇 小王安宇 bu
2026-08-07T07:05:20 | 真要笑疯了 | 粤语猜词笑点炸裂，综艺DNA瞬间觉醒！#现在就出发##\n##好看的综艺推荐\n##谁的综艺dna动了##\n# 真要笑疯了的微博视频 
2026-08-07T06:53:31 | 剧影先锋追剧社 | 天丨才，女友.1080P更 14夸克链接：网页链接百度链接:网页链接 人丨鱼  更8夸克链接：网页链接百度链接:网页链接 🔝兵丨自风中来.更 36【完结】夸克链
2026-08-07T06:51:53 | 海棠禹晚舟1 | 温柔的月亮被揉碎成一颗星星，融化在你的眼睛里💚@丁禹兮//@云上的日子长得大:#比音勒芬全球品牌代言人丁禹兮# ✳️✳️看@丁禹兮 诠释赵凌，江湖草莽到朝堂权臣
2026-08-07T06:19:28 | 飘逸砂糖橘画漫画 | 心情郁结，心情郁结/:break郁结的睡着感觉行了，又越想越气😠以后上班我要控制一个小时看一次微信，各方势力都不能少了思考🤔人生的时间，我会年老色衰的…我还是太
2026-08-07T06:12:49 | 小鱼薄荷soo_ | HanByeol  【260807】个人ig 1byulll快拍更新今日日记260806今天原本是1点上班但因为公司安排早上先出门了所以时间比较空闲久违地和爸妈
2026-08-07T06:07:21 | ElDiecisieteYLaSol | #陈添祥# 🍊 #向全世界安利陈添祥# 陈添祥直播之2024年12月19日中午直播平台：🎶  直播地点：归来后我成为人族救世主片场评价:中午的直播大多数是助理拍
2026-08-07T05:58:01 | Ran翊艳艳 | 欧豪#欧豪兵自风中来郭子剑# 哥哥你要多笑笑 你笑起来有小酒窝 真的很好看@欧豪 
2026-08-07T05:44:17 | 用户7923127407 | 好看@何与 @何与官方后援会 何与 #与雍共饮东宫茶# #何与萧华雍# 何与
2026-08-07T05:32:48 | 欧迷混剪 | #兵自风中来# 我的评分：非常好看 
2026-08-07T05:29:53 | Rosie-buss | hello 亲爱的王安宇 你好 我是你众多粉丝的其中一个。说来话长 你真的是一个很好的很多的人。从现在就出发 再到车厘子陈路周 在到周水 最后来到曾经的你和现在
2026-08-07T05:09:09 | 感觉全世界都想害我 | 小豆子和小叽子的啦啦撒撒 微微更一下～由于我很久很久都不在这上面更新，我怕叽以为我已经断联了。现在是已经收到录取通知书的很多天以后了，大家都已经选好了要去的学校
2026-08-07T05:08:35 | FANTA每日 | #FANTASTICS##山本世界# 2026.08.06丨个人推特 更新丨from sekai_official_日野友辅：从世界桑那里收到了！！！附带了签名
2026-08-07T05:07:40 | 木M点点 | 这一秒过火慕容清峄、任素素和孩子一家三口照这部剧的播出效果其实是让人失望的，因为在拍，播前被寄予厚望，认为是必定大🔥的作品，但播出没多久哑火了。刚开播被拷打就是
2026-08-07T04:44:32 | 用户9139191075 | #这一秒过火# 我的评分：🌟亮点推荐： 
2026-08-07T04:42:51 | 用户7829234259 | 今天看完兵自风中来都好看，演技都在线，然后里面呢？嗯，感情线不多啊，都是打仗，好久没看到这种电视剧了，推荐大家去看看，因为这种剧很少有了，就最近几年都没有这种剧
2026-08-07T04:38:31 | 张凌赫核桃小喇叭 | 20260804物料📚个人博🫅峄张全家福网页链接工作室💼慕容清峄剧照网页链接品牌🏷️颐莲收集护肤疑问网页链接宝格丽七夕tvc网页链接赛百味秒火壁纸网页链接可比克
2026-08-07T03:58:00 | 周芊魚 | #脱口秀和Ta的朋友们# 我的评分：🌟亮点推荐：好看！！！！！！ 
2026-08-07T03:45:00 | 糖果店记忆里在微甜 | 九尾狐又返场了 好想抽啊 但我觉得500一个皮肤有点贵了 而且她那个回城一点也不好看 但是九尾狐海报真的封神了 这是我除了天鹅之梦第二个觉得非常好看的皮肤了 但
2026-08-07T03:20:54 | 在沙滩画画的小萝卜 | 必须说 百花杀确实蛮好看的 
2026-08-07T03:10:07 | _恰巧经过 | 让我来扒一扒今晚直播的乐子啊，首先柯东在直播间说是看他太幸福了他的幸福太耀眼了，嫉妒了，觉得这么长时间了还有新鲜感看不顺眼了，说被二创疯狂艾特有压力不尊重，没有
2026-08-07T02:45:09 | 鬼妹s81933 | #这一秒过火# 我的评分：推荐大家一定要去看看 
2026-08-07T02:39:34 | Kittalentt | 我的前半生 百花杀看完了 还有什么剧好看的 快来推荐给我 
2026-08-07T02:34:41 | 忍住说好不哭 | #兵自风中来#完美收官了！一部没有感情线的剧。人物真实，逻辑强欧豪 欧豪剧中好帅气啊，看的好爽蓝盈莹 梁虹演的好飒，好喜欢啊@蓝盈莹Lyric 好希望有第二部啊
2026-08-07T02:33:24 | 弯弯__wanwan | 大晚上打开小破站看到哈皮开播，点进去一看又一次被蛛播的美貌震惊到，晚睡的巴旦木有好看的，最后还放大了镜头吃播聊了一会天，很好很好，忍不住截了很多图，最后一张截的
2026-08-07T02:31:17 | 用户9091918089 | 8月，我见证了人生中第一场直系亲属的葬礼。  凌晨三点，我打开了背包仅带着日常必需品就出发去了机场。在候机厅的时候我还在玩手机，那时心里一点都没有想起我回家的目
2026-08-07T02:18:45 | 恭喜我走运 | #白开剧记录#京城奇探好看，双男主，但是结局太仓促，还有点虐（不喜欢虐的）期待第二部 
2026-08-07T02:17:23 | 严芝鱿里 | #这一秒过火# 我的评分：巨好看超推荐！ 
2026-08-07T02:13:13 | WANGLANYE | 我想说一下我看完兵自风中来的感受可能很大一部分人和我一样看前面的剧情感觉无聊和我们以往看到的军旅剧不一样然后弃剧了（我也看了好多军旅剧 但这个能让我坚持看下去的
2026-08-07T02:10:21 | 好运咕咕o | 狠狠共情了 小时候家里人总说姐姐写字好看 有些个恶心亲戚夸我姐的时候还贬低我🙄 
2026-08-07T02:05:20 | 芜湖哈呼啦 | 百花杀超超超好看！来杭当然要来吃太子殿下的烤肉啦 杭州 
2026-08-07T02:01:29 | 追风少年爱看剧 | ❤「人鱼」 剧情 X疑 新开播 4K  更新06集  刘孜 张开泰❤「天才，女友」更新13-14集  田曦薇 / 胡一天 / 赖伟明 / 安沺  ❤「这一秒过火
2026-08-07T01:59:38 | -我草莓招了zZ- | 张凌赫电视剧这一秒过火张凌赫 @张凌赫z[超话]# @张凌赫z哥哥现在是8月7号凌晨1点35分，我看完了这一秒过火，我想说，慕容清峄被凌赫塑造的非常好，把清峄身
2026-08-07T01:56:04 | 咬一口栗子er | 永远爱你们鲜活细腻的灵魂🤍@王安宇buss @沈羽洁er ：读王安宇和沈羽洁写下的文字，内心总生出许多感触看沈羽洁记录远方的旅途，置身异乡涌动的人潮里，她没有并
2026-08-07T01:46:08 | 在游艺馆减肥的仙人掌 | #兵自风中来# 已更新至36集（大结局） 4k1080⬇️⬇️（先后取）看得又燃又破防！有博弈对抗，也有无声牺牲，新时代军人的坚守太戳心✨ 
2026-08-07T01:44:01 | 世界超凶 | 爱对了人真的太重要啦//@段绯魑:回复@宇智波柴:哈哈哈 🐟角色真的都好🔥一想到开播x周年都还有无数剧粉为之冲上热搜就觉得好幸福//@宇智波柴:回复@段绯魑:我
2026-08-07T01:36:38 | Crimetly | 感谢当年乳鸽陪伴了我一个暑假，当时的戒断反应真的很严重，因为太喜欢这部剧啦！哈哈哈哈哈！祝贺《锦月如歌》开播一周年快乐！我们还有很多年一起度过，爱《锦月如歌》，
2026-08-07T01:28:48 | 诗香魔芋宝苞 | 老天，兵自风中来怎么可以如此好看 
2026-08-07T01:28:14 | 兔子长角了y | 桂林⛰️走进山水画了这次真的说走就走了哈哈哈不到一个小时就出发了天气很好 好热好热 人好多 但千里江山图很值得看 桂林 
2026-08-07T01:26:12 | 我是无忧无虑小饼 | 哈哈哈没想到第一条差评会让我如此无语广州还有正常人吗🙉🙉🙉 
2026-08-07T01:14:02 | 一口一个芋泥宝 | 今天🐇回归啦～🥔开智笑死我了 我是dia沙币哈哈哈哈哈哈哈小佳快回来接住🐇的亲亲啊！要是小佳在肯定接了哈哈哈哈哈哈玛德今晚全明星阵容我真不行了 
2026-08-07T01:10:50 | bixuejun897928 | #兵自风中来开播#@电视剧兵自风中来 求更二季 
2026-08-07T01:03:54 | 凤凰渔肥 | #追剧打卡#追剧看了五集，#百花杀# 弃剧 
2026-08-07T00:50:36 | ·时针滴答· | #兵自风中来#我们兵自风中来就是最好看的不接受反驳很开心能一天一天一集一集的追完这样一部好剧，也很难过我把这部剧追完了，就像老索牺牲前和老梁对话那次他说的那样：
2026-08-07T00:48:41 | 神经病女侠木煜 | 一口气看完了加更礼六集，诚挚推荐《兵自风中来》！ 
2026-08-07T00:45:28 | 舒雅望丶丶 | 兵自风中来  【36集超前完结】营长拒绝演戏式军演被勒令转业，旅长力排众议重用，一仗斩首蓝军封神链接：网页链接链接: 网页链接🔴保存步骤🔴  🌈点⬆⬆⬆🔗，左下
2026-08-07T00:41:06 | 可爱炸了yb | #百花杀# 百花杀萧华雍沈汐壁纸更新#何与##孟子义#电视剧百花杀 
2026-08-07T00:39:59 | 发面馒头励志瘦回94 | 看兵自风中来把更新的看完了又开始看上刑警的日子看完又重温黑白禁区，这黑白禁区还是太痞了 好品 
2026-08-07T00:33:57 | 知知呀吱吱 | #最近吃了什么##新西兰##在新西兰吃了什么#感觉新西兰的食物种类比澳大利亚丰富点……不知道阿是因为在新西兰呆的时间更长皇后镇的大脸汉堡和边上的甜甜圈味道都还可
2026-08-07T00:33:40 | 幺幺爱笑 | 魏巡#金声玉振嘉兴之夜演唱会# #音乐节黑马魏巡# 哇哇哇！哈哈哈！这阵容，天地良心，全是狠绝！！！魏巡超级爱，无敌爱@WIN魏巡 
2026-08-07T00:32:21 | 追剧丸子 | 《兵自风中来》军旅剧🍎更新资源渡：网页链接 夸：网页链接战法不断更新，军备持续迭代，战场环境瞬息万变，可军人心中坚守的信仰、骨子里的热血血性，始终从未动摇。欧豪
2026-08-07T00:32:00 | 酸菜炖的冻梨 | 《这一秒过火》开播，张凌赫、王楚然主演#微博二创视频创作季# 酸菜炖的冻梨的微博视频 
2026-08-07T00:31:27 | 54家的鹿狍狍 | 真的太贴切了，整件事从头到尾串下来，妥妥一场循环往复的黑色笑话，越捋越搞笑。 首先梳理这一连串自相矛盾的操作，处处充满滑稽感：当年剧本被大幅度魔改、双男主名场面
2026-08-07T00:28:42 | 我讨厌中秋 | 邓恩熙 我女争气这一块儿 
2026-08-07T00:28:08 | 收集千万个心 | #这一秒过火#张凌赫慕容清峄##任素素放牧兰# @张凌赫z 好看建议大家去追哦 收集万千心动的微博视频 
2026-08-07T00:27:54 | 耀丸亭咪 | 白敬亭#现在就出发# bjt#白敬亭现在就出发#比今天的你更好看的只有明天的你@白敬亭 
2026-08-07T00:17:09 | 多丞 | 范丞丞#范丞丞现在就出发# fcc#范丞丞晒新专辑预告# fcc#范丞丞# 期待首张新专辑 
2026-08-07T00:15:02 | 陶艺w | ✂️ #侯明昊雀骨# |#侯明昊萧无衣# | #侯明昊属于我们的巡回演唱会# ｜独学学不如众学学大家一起來試試吧@侯明昊本集分享如何打马塞克应用功能：画中画、抠
2026-08-07T00:14:35 | 娱乐吨吨机 | 让一个喜剧狂人和一个北电第一，去给孟子义当绿叶？这剧组真敢玩。古装权谋轻喜剧《一手摘星一手捶地》阵容刚出，孟子义挑大梁，演个真假难辨的失忆监国公主。你看看这搭档
2026-08-07T00:14:07 | ZLH只为凌赫停留 | #这一秒过火# 我的评分：🌟亮点推荐：这一秒过火✨亮点 1. 人物张力很强，慕容清峄塑造出彩偏执破碎的军阀少帅，年少受过苦，爱上任素素，遭遇爱人假死、恋人变准大
2026-08-07T00:13:59 | -别追逐风- | 买的小蛋糕还没到还没到就下播了哈哈哈 ，就算庆祝开播了吧，开心🥳，慢慢来吧，急也没有用 
2026-08-07T00:13:29 | 月色信 | 《逐玉》到底是谁在扛广告，好像有答案了。上半年唯一大爆剧《逐玉》，广告也破纪录，男女主张凌赫和田曦薇也跻身95生花顶流。但最近两人新剧开播，广告招商却差距很大。
2026-08-07T00:09:57 | 5G冲浪君 | 说实话，作为路人的我，真不觉得张凌赫能扛得起剧。论资历，他不是童星科班出身；论爆款，早期作品也谈不上部部大火。《这一秒过火》开播的时候全网嘲，而且说他的脸是靠粉
2026-08-07T00:06:27 | 快乐追星嗑糖机 | 有没有发现，现在影视大环境真的很卷。不少老戏骨都面临无戏可拍的窘境，可才27周岁的王楚然，出道时间并不算久，手里直接攥着三部待播大剧。分别是《明月录》《浮生》《
2026-08-07T00:06:08 | 呜叽一下吃掉 | 这个温度哈哈哈哈哈哈哈 
2026-08-07T00:06:07 | 紫雪璇雨 | 京城奇探随笔最近在三刷了，想来写写随笔。 一刷的时候，关注的是案子、他俩的颜值和演技、搞笑以及好磕的剧情，每个案子都是他俩关系的递进，赵少商每次的接近都是对元鸿
2026-08-07T00:05:28 | 小巷岛屿han | 何与  从见面吧就现在认识你 从百花杀正式入坑了 在百花杀更新期间又去看了你的双轨 哥哥演技太棒了🌟 百花杀陪我度过了一个充实的暑假 特别的开心 我也会一直支持
2026-08-07T00:04:04 | 困困晚安噜 | #西村力大吧发长文回应##王橹杰回复了橹穆cpf##罗正一年花170元146给了苹果##奇文##行程图##任素素怀孕##谢霆锋演唱会状态#套公式蹭✨你就不能给我
2026-08-07T00:03:18 | 冰糖葫芦儿· | 真的不敢相信过了明天的天气预报哈哈哈哈哈 真那么凉快吗 
2026-08-07T00:01:58 | X阿兮 | #百花杀# 我的评分：特别值得推荐哦男主女主的演技在线，角色把握准确真情流露，吸引力强感谢，孟子义与何与赋予角色生命力 
2026-08-07T00:00:38 | 显眼包本宝2 | 王安宇 王安宇：我从陷入我们的热恋喜欢上你的，我到时候都不想看大结局，因为我知道大结局很美好，但是我不想结束，从现在就出发的第二季开始关注你，你的幽默风趣，私底
2026-08-06T23:57:58 | 爱可超人 | 今晚连着看《一饭封神》和《百厨大战》，两个节目的风格还是挺大差异的，不过对我来说看大家做菜都是享受，不知道是太饿还是啥，《百厨大战》最后比拼小龙虾真是给我看馋了
2026-08-06T23:57:45 | 拔萝卜拔萝卜嘿哟嘿哟拔不动微博 | 啊噗～有些人不稀饭剧透，我反而挺稀饭的，就稀饭评论区有人剧透我就好判断要不要看值不值得看，有些刷不到剧透的如果预告不感兴趣我就懒得看哈哈哈哈哈哈哈哈哈哈哈哈哈哈
2026-08-06T23:55:09 | 等雨追 | 我闺蜜最喜欢追剧了，她跟我说了句大实话，她觉得《人鱼》这剧大概率是要扑了，说到底还是女主的路人缘不好。虽然耳环事件已经过去了，但是不知道为什么好像大家还是不喜欢
2026-08-06T23:52:52 | 星光Anya | #这一秒过火# 延迟一天追完了结局~可能因为昨天被各平台剧透有了心理预期，也可能是受到if线的安抚，没有对BE的悲伤，只有对张凌赫演技的赞叹……很细腻很让我惊喜
2026-08-06T23:46:15 | 你像我奶说梦话 | 特别喜欢看军旅题材的剧这两天看的兵自风中来真好看看到索副旅长牺牲还是很难过的而且最后和刘心眼掏心窝的内段戏咋能演的这么好啊哎，就是一不小心贪了 昨天下午点开的第
2026-08-06T23:41:27 | 最美的不是下雨天aaa | #樊振东#  #樊振东德甲# 《tischtennis》8月刊涉及樊振东和中国运动员的部分：1. 今年夏天，TTBL内部仅有三位球员更换了俱乐部。其中最受瞩目的
2026-08-06T23:41:19 | Cloudtigerforu | 现在有信号 一会怕没信号 我先睡啦 明天5点多到站啦我好近 感觉一睁开眼 马上可以看到你了 亲爱的oba  熟悉的love 💋 @丁禹兮 今天事你别往心里去我感
2026-08-06T23:41:19 | 土豆公主非常喜欢小懒 | 哈哈哈哈哈哈哈终于降温了！！！！ 
2026-08-06T23:41:07 | 兔姐姐田田 | 肖战   眉眼藏锋隐千钧暗战，孤勇如炬终破迷雾天光！任少白@肖战 入局交锋！期待#肖战谍报上不封顶##肖战任少白##谍报上不封顶##肖战#谍报预告：电视剧谍报上
2026-08-06T23:40:09 | 烟花33yy | #京城奇探官微# 我的评分：🌟亮点推荐：演员感情细腻 
2026-08-06T23:39:53 | 得闲的师妹 | 肖战  眉眼藏锋隐千钧暗战，孤勇如炬终破迷雾天光！任少白@肖战 入局交锋！期待#肖战谍报上不封顶##肖战任少白##谍报上不封顶##肖战#谍报预告：电视剧谍报上不
2026-08-06T23:39:21 | 烟花33yy | #京城奇探官微# 我的评分：🌟亮点推荐： 
2026-08-06T23:32:04 | 瑾萱yb | #向全世界安利侯明昊# hmh#侯明昊雀骨# hmh#侯明昊# ✂️ #侯明昊雀骨# |#侯明昊萧无衣# | #侯明昊属于我们的巡回演唱会# ｜独学学不如众学学
2026-08-06T23:31:53 | 冰穹逐曜 | 我给《兵自风中来》打10分@猫眼电影网页链接 兵自风中来我其实没有说的特别详细，我后续会进行二刷！进行进一步的补充，不足请谅解！（梁参谋我没忘） 
2026-08-06T23:31:50 | 珉雾眠 | 黄杨钿甜回复看起来很心酸新剧《人鱼》开播，黄杨钿甜发布剧照宣传，结果评论区网友回复“放心，绝对不会看的”。黄杨以为是粉丝，回复留言“不吓人不吓人的……”。她现在
2026-08-06T23:25:46 | 影视剧透哥 | #重器定档0810#由瞳盟影视出品的当代涉案剧《重器》定于8月10日起接档《兵自风中来》登陆央视八套黄金档，爱奇艺全网独播，即将官宣！编剧：@赵冬苓 导演：@导
2026-08-06T23:25:32 | 雾里三千y | #密室大逃脱# 我的评分：太好笑了哈哈哈 第一期直接封神了，女人在前老人垫后哈哈哈哈 笑的肚子疼密室大逃脱 
2026-08-06T23:23:42 | 我名恶女 | #腾讯视频 标题#当“流量”撞上“伦理”，一场标题引发的人性大考#腾讯视频 标题# ——8月5日，当这个简单的词条冲上热搜时，它指向的不是平台的新剧宣发，而是一
2026-08-06T23:18:36 | 靠岸shore | 王楚然#原来王楚然小时候是热舞女郎##王楚然# 原来1555200秒，是正正好好从我们开播7.19～8：5（超点）的时间。这一秒，过火～@-王楚然- 
2026-08-06T23:12:11 | 叮叮爱推文 | 🎧0806【广播剧/有声剧】更新合集🔗见🍎- 《小潭山没有天文台》有声剧 16- 《降水概率百分百》17- 《搭界》0105- 《宋玉章》02- 《靡言》番外1
2026-08-06T23:05:52 | Alterlove77 | 华山论剑播出的时候 剧更新半小时 就已经有人故意在各个平台放出恶意截图 还有不分剧情扭曲造谣何与演技的 对于这些针对何与角色作品有组织有预谋地抹黑造谣的黑水你们
2026-08-06T23:05:46 | O椰_fly | 一路向海的少年 看完第一期了！看得出来五小椰都玩得很开心，我也看得好开心哈哈哈哈哈！笑点太密集了！🤣话说新疆的美食真的给我馋哭了…有机会一定要去游玩一波好久不见
2026-08-06T23:04:16 | Unicakiki | 呃刷到天才女友女主哥哥的感情线。。。特么我服了配平文学。。。很难看 弃剧了 九门也看不下去了可能我真不是这种类型的受众哈哈哈哈 今晚一口气看了8集人鱼 好看！现
2026-08-06T23:04:07 | 杏枝卡比oO | 好久没发顾客们的好评了！顾客朋友们自发的分享推荐 口口相传 非常感谢她们呜呜呜呜嘉定烧鸟天花板不是吹的（不能骄傲要谦虚我知道哈哈哈哈哈哈哈很多顾客都说甚至比店里
2026-08-06T23:01:52 | 思思思思呦 | 人怎么能有梗成这样？我将逐帧学习！范丞丞｜王牌对王牌｜现在就出发｜奔跑吧｜综艺片段｜爆笑综艺｜综艺推荐｜下饭综艺 思思思思呦的微博视频 
2026-08-06T23:01:35 | Johnny_涟漪 | 这期太好看了……@黄景瑜 #黄景瑜ECCO品牌全线代言人# 黄景瑜#现在就出发# #黄景瑜#
2026-08-06T23:00:48 | 板栗芝巧巧- | 好想重新追一边苍兰诀啊，重新体验一次开播前没人看好，首播当天 虞书欣演技 上热搜，每天各个平台都因为下一集走向吵翻天，每天一组无水印虎爪比心，然后还有直播有庆功
2026-08-06T23:00:04 | 芝士_ese | #这一秒过火全员be#这是我第二部点映的剧，起初看路透对秒火抱有特别的期待，开播后我如约而至，网上一片唱衰，但是我一直在追剧，剧的立意挺高的，越看越喜欢，越看越
2026-08-06T22:56:28 | M小海鸥YR | #兵自风中来# 我的评分：🌟亮点推荐：特别好看，每个人都很生动。我很喜欢 
2026-08-06T22:55:40 | 糖糖爱追影 | 这一秒过火  更新至28-33集资源（留👍🏻后取）超前大结局 
2026-08-06T22:55:02 | 哆啦爱梦爱追剧 | #这一秒过火# 更新提醒👇更第33集资源已就位 
2026-08-06T22:53:08 | 有钱家der轻语 | #莫得闲剧好看今日开播#xz#莫得闲剧好看上线#山河动荡，小镇藏锋。《莫得闲》择八一节点开播，借戈止镇一隅，写乱世众生风骨。肖战落地塑造角色，把普通人的胆怯、坚
2026-08-06T22:51:18 | 小白不吃饭A | 🎧0806广播剧&amp;有声剧更新合集✨《小潭山没有天文台》有声剧 16《降水概率百分百》17《搭界》0105《宋玉章》02《靡言》番外1《谎话缠绵》05《沉
2026-08-06T22:50:29 | 豆奶海棠_Ryan | 点开电视剧有DYX🍰 
2026-08-06T22:49:35 | SC灿烂千阳 | #京城奇探官微# 我的评分：好看好看。演技自然，人物鲜活，配角饱满，剧情流畅，搞笑一流。 
2026-08-06T22:48:03 | 良依之约_Liebe_19211 | 钢琴谱、双手简谱，双版本：张远《袖里长风》，《百花杀》插曲；《袖里长风》是张远为古装剧《百花杀》献唱的插曲，由段思思作词、谭旋作曲制作，于2026年7月9日正式
2026-08-06T22:44:44 | bt的鱼 | #京城奇探# 哇好看哦。剧情很好，里面的案子也很抓人心，这部剧虽然只有19分钟一集，但是平均两集到三集一个案子。整部剧节奏很快，情节却很合理，没有水剧情那一套，
2026-08-06T22:35:22 | 脑袋要爆炸咯 | 范丞丞这波操作后哪队也去不了了。范丞丞被沈腾开除队籍现在就出发｜沈腾｜贾冰｜黄景瑜｜王安宇｜胡先煦｜金晨｜范丞丞｜白敬亭｜林更新 脑袋要爆炸咯的微博视频 
2026-08-06T22:34:29 | 若旻s | #周深和他的脱口秀朋友们##周深脱口秀和ta的朋友们3#我好想变成一阵风路过@卡布叻_周深  的身边，轻轻告诉他，天很蓝，你的眼睛真好看。 
2026-08-06T22:33:19 | 第7场大雨yu | 哈哈哈哈哈哈我九点五十八的时候我看群里的分析真的有强烈感觉何铮要开播哈哈哈哈哈哈哈结果我十点一刷新就开播了! ! !我宝宝其实就是想和我们一起过立秋吧再顺便吃个
2026-08-06T22:30:30 | 嘟嘟-0606 | #周深和他的脱口秀朋友们##周深脱口秀和ta的朋友们3#我好想变成一阵风路过@卡布叻_周深  的身边，轻轻告诉他，天很蓝，你的眼睛真好看。 
2026-08-06T22:25:43 | 楼兰娱姐1 | 发布了头条文章：《《兵自风中来》收官，5人惊喜升职，曾暮寒当营长，郭子剑最意外》 兵自风中来 #兵自风中来开播# #欧豪兵自风中来#  《兵自风中来》收官，5人
2026-08-06T22:25:03 | 蛋挞在这丫 | 晚间更新⬇兵丨自风中来超前完结度:网页链接 夸：网页链接人鱼度:网页链接 夸：网页链接天才女友度:网页链接 夸：网页链接九门度:网页链接 夸：网页链接御-廷-谣
2026-08-06T22:24:48 | 用户9030333476 | 晚间更新⬇兵丨自风中来超前完结度:网页链接 夸：网页链接人鱼度:网页链接 夸：网页链接天才女友度:网页链接 夸：网页链接九门度:网页链接 夸：网页链接御-廷-谣
2026-08-06T22:15:02 | 笋子梦女 | 今天晚上把这一秒过火更新完了的看完 
2026-08-06T22:14:08 | 我的悲观太难改- | 8月6日热播剧大盘点！ 我的鸵鸟先生开播！青春治愈剧《我的鸵鸟先生》 浙江卫视 &amp; Z视介：卫视首更1～2／Z视介：首更1～4／全20集 主演：苏晓彤、
2026-08-06T22:13:40 | xxiiiiin077 | 驾校生活及驾校后记最最最感谢的就是科二鼓励了我两天的教练哈哈哈哈哈哈但是不知道他是谁科三的教练也超级好 考官都特好！！记住你们了哈哈哈哈哈哈全好评！还要谢谢鞋谢
2026-08-06T22:00:55 | 赫启晨曦 | 张凌赫❤️演员张凌赫实绩封神💥《逐玉》爆火🔥【95生唯一三平台破万男主】【双平台热度同步破万】【市占率峰值超55%】❤️🔥【20天全平台涨粉6️⃣3️⃣0️⃣万
2026-08-06T21:55:12 | 肉肉肉肉肉肉安达 | 8/6 nbskまんま关于7/17从大阪🧚🏻girigiri赶回东京参加MS的裏話📨：听说翔太くん是在大阪结束舞台之后才赶往东京参加MS的，当时还听说有可能赶不
2026-08-06T21:52:55 | 墨萱Elvira | Wechat｜现在就出发搞笑片段｜经典综艺片段｜气质干净𝐢𝐧𝐬女头 ｜女生头像｜小众头像｜气质头像｜温柔女头｜甜美头像｜韩系女头｜颜值头像 壁纸分享/Wecha
2026-08-06T21:52:18 | kimgee200010 | 鸿少肉  【冬夏常青】｜第肆章「我想你亲我」 
2026-08-06T21:48:48 | 辽宁卫视 | 小石同学热情宣传家乡抚顺，走心推荐多款抚顺特色美食，诚邀大家亲临抚顺，品味地道烟火滋味#带你游辽宁 ##带你游辽宁现在就出发# 辽宁卫视的微博视频 
2026-08-06T21:48:30 | 流言絮语ii | iG电子竞技俱乐部  哈哈哈   我错了  就不该给别人上嘴脸   因为你们会让我丢脸  太对了太对了  教练组  我要是第二赛段没看你比赛   我现在骂的可能
2026-08-06T21:45:13 | 古法焖蛇爆炒烤乳猪 | 这一秒过火  更新28-33集资源（留👍🏻后取）超前大结局 
2026-08-06T21:41:46 | 辽宁卫视 | 远离城市喧嚣，做一日悠闲岛民，邂逅独属于长海的治愈#带你游辽宁 ##带你游辽宁现在就出发# 辽宁卫视的微博视频 
2026-08-06T21:39:42 | 米子叻_猫宝头 | #脱口秀和Ta的朋友们# 我的评分：🌟亮点推荐： 
2026-08-06T21:37:32 | 低调转身的少年 | #张凌赫逐玉#张凌赫《逐玉》8月6日起登陆广东卫视深圳卫视黄金档播出，张凌赫这个暑假要霸屏了 ！刚播完了《这一秒过火》 接着看张凌赫逐玉！暑假安排的明明白白 
2026-08-06T21:35:47 | We在一起不咯 | 🎧0806【广播剧/有声剧】更新合集- 《小潭山没有天文台》有声剧 16- 《降水概率百分百》17- 《搭界》0105- 《宋玉章》02- 《靡言》番外1- 《
2026-08-06T21:32:43 | 小鲤学姐 | 推文小说推荐 最近在看百花杀的原文，好好看呀 
2026-08-06T21:28:20 | 影剧小邮差 | ☀今日影剧/综艺更新[国]人丨鱼 更08[国]天丨才女友 更14[国]九丨门 更16[国]御丨廷谣 更19[国]昭丨阳公主 更18[国]江丨海潮生 更24[国]
2026-08-06T21:23:35 | jasminejareverz | 人鱼蛮好看的主要是剧本扎实，一搜原著是雷米！果然除恶也好看。。因为演员避雷差评这部剧有点可惜就像很多人错过摩天大楼这也是部好剧（。 
2026-08-06T21:22:06 | Freya-Stella | @么么哒么么么么么么 @天才魔法少女粉果 @momoii1 这海报里全是熟人也太惊喜了！张若昀和田雨这是直接从《庆余年》穿越过来聚众搞笑了吗哈哈哈哈，剧粉DNA
2026-08-06T21:19:48 | conform-粉 | 暑期档压轴王来了！别的片子不敢硬碰，主动调档避开沈腾。这下总算盼到好消息，沈腾这部新片还没上映，爆款潜质直接拉满。圈内从业者全都盯着这部作品，沈腾主演这五个字，
2026-08-06T21:06:36 | 流浪是兔子兮森的特长 | 啊啊啊啊哈哈哈哈哈丁禹兮#花开锦绣定档0809# //@你丸玩噜:wdf啊啊啊//@千涸的眼:啊...//@陌亦琪5203:真不行了以身入局//@尼安德特兔:哈
2026-08-06T21:04:24 | 六六追剧 | 丁禹兮粉丝砸下30万座云包场，价值超900万。这已经不是应援，是给内娱上了一堂什么叫“用爱发电”的公开课。真金白银的信任状，比任何数据战报都来得滚烫。《花开锦绣
2026-08-06T21:04:21 | 牛奶小方子 | 这回古装剧算是掏出真东西了，《花开锦绣》实景到处跑，服化道细节藏得好用心。厌倦了棚拍抠图，光是国风画面就勾起我的追剧兴趣。#微博二创视频创作季##花开锦绣定档8
2026-08-06T21:00:28 | 渝与田晴_ | 蓝调时刻💙 田栩宁 梓渝中国美食 美食打卡 美食剪辑 豁达乐观 永远保持积极的态度21世纪大军夫人 李知恩（iu） 边佑锡 𝐇𝐢𝐝𝐞｜综艺精选剪辑｜现在就出发搞
2026-08-06T21:00:00 | 流媒体网官方微博 | 【7月热榜-长剧篇｜《野狗骨头》拿下卫视收视月冠，《百花杀》拿下大屏点播月冠】2026年7月剧集市场亮点表现出炉，长剧方面，《九个弹孔》位居央视收视榜首，《野狗
2026-08-06T20:58:08 | icyyy小冰块儿 | 我怎么会灵机一动用盒马洗鞋啊？ 取鞋还鞋都很粗暴不说，收到鞋一看： 一双鬼冢虎的鞋把翻毛皮洗的巨硬；一双百丽的运动鞋完全洗变色 灰色变成橙黄色了！而且原本脏的地
2026-08-06T20:58:08 | 理智荔枝u | 有些好久不见的人都来了啊哈哈哈 全明星阵容力挺dlwlrma
2026-08-06T20:56:54 | 安好晴天之梦 | 今天是当高中室友和她男朋友小孩的一天 哈哈哈哈哈！就差当上德华了，以后都和小孩一桌。台球4h，离开了上海后首次体验，尤其工作日下午超级便宜！这东西真的上头而且会
2026-08-06T20:53:18 | 星星长乐未央 | 超 
2026-08-06T20:51:28 | 用户5816711952 | 上个月跟车友会跑了趟山，到现在群里还时不时翻出来念叨。去之前下过雨，路上有些地方还是湿的。早上在高速口碰头，十辆车，有一辆迟到了十几分钟，大家也没催，靠在车边抽
2026-08-06T20:47:26 | jane33375-3 | #张凌赫慕容清峄#🪐 #张凌赫这一秒过火#⚡ #张凌赫慕容清峄#🪐 #张凌赫这一秒过火#⚡ #张凌赫慕容清峄#🪐 #张凌赫这一秒过火#⚡ #张凌赫慕容清峄#🪐 
2026-08-06T20:46:12 | 三分棠丨dyxx | 💚#丁禹兮赵凌# 💚#丁禹兮花开锦绣# 亦邪亦正眼藏锋，晋江式演技再创新🎬@丁禹兮 携赵凌归来，㊗️开播大吉，一切顺利！预定《花开锦绣》爆款新章💥#丁禹兮#倒计
2026-08-06T20:44:50 | 岁岁皆安然1456 | 最新更新 地球超新鲜2  +第一季爸爸当家5  +1-4季一饭封神2 +第一季中餐厅10  +2-9季开始推理吧4  +1-4季脱口秀和Ta的朋友们3  +1-
2026-08-06T20:41:05 | 追剧好时光儿 | 置顶可搜 
2026-08-06T20:33:07 | 冬冬鼓 | 黄杨钿甜，你别挣扎了  因为这个原因，糊是你注定的结局  即使有董勇和陈创这样的老戏骨为你作配，也依然提升不了你木讷的演技。  电视剧《人鱼》开播，我连看四集，
2026-08-06T20:23:47 | 奶茶猪PIG | 哪个角色最触动你呢？ 哪个角色最触动你呢？慕容清峄 我的点评：#超会评开分# 张凌赫把慕容清峄演的太好了 非常出彩尤其后面几集 演技封神了 太有感了 真的是未来
2026-08-06T20:23:31 | 恰糖豆包吗 | 我朋友私底下见过王楚然 她悄悄的跟我说 王楚然根本不是大家想象的那个样子  朋友在逛街时偶遇大明星王楚然，见到真人简直惊为天人。那种美隔着屏幕都能感受到的，皮肤
2026-08-06T20:21:13 | 风爱追剧 | 今日更新综艺合集天才厨人 更8.06期歌手2026 更8.06期心动的信号9 更8.06期爸爸当家 第五季 更8.06期开始推理吧 第四季 更8.06期中餐厅·
2026-08-06T20:15:45 | 共饮一杯热茶 | 完结剧热播期数据更新：2026/8/5 #云秀行# #千香# #灿如繁星﻿# #野狗骨头##雀骨# #百花杀# 
2026-08-06T20:15:21 | 坏中带点萌 | 你还在为剧荒发愁吗？2026暑期档已经杀疯了，神仙打架也不过如此。从7月初开始，《野狗骨头》《灿如繁星》《九门》这些剧扎堆上线，悬疑、古偶、现实题材你方唱罢我登
2026-08-06T20:14:54 | Syuet殇月_CKH | 不懂百花杀导演…明明拍了谢医师为萧华雍解毒…正片却一剪没…32集太子死了，到36才回来结果就最后5分钟…给个番外12分钟甜蜜日常，看似“死”而复生～一家团圆圆满
2026-08-06T20:11:27 | 木木与云 | #百花杀# 我的评分：太好看了，太好看了，太好看了，强烈推荐，都给我去追 
2026-08-06T20:11:04 | Angel_幸运鑫 | 到底谁在说《这一秒过火》不好看我一直觉得这部剧值得让更多人看到 
2026-08-06T20:08:27 | 路人与在翟子路同行 | #京城奇探官微# 我的评分：超级好看。 
2026-08-06T20:04:54 | 飞起的-球 | #张凌赫慕容清峄#🪐 #张凌赫这一秒过火#⚡ #张凌赫慕容清峄#🪐 #张凌赫这一秒过火#⚡ #张凌赫慕容清峄#🪐 #张凌赫这一秒过火#⚡ #张凌赫慕容清峄#🪐 
2026-08-06T20:00:01 | 蛮蛮少女 | 登堂入室之提前享受世子妃待遇✌️# 步疏林 # 电视剧 影视 #电视剧# #影视推荐# # 电视剧解说# #影视剪辑# # 电影 # #影视# 蛮蛮少女的微博视
2026-08-06T19:57:38 | 辞月禾_Cyheal | 期待黄景瑜黄景瑜#重器定档#
2026-08-06T19:37:24 | 内向小葱花 | 平静的七月 全是凌晨的世界杯 大通宵观看 西班牙⭐️⭐️ 从看了墨西哥和英格兰那场 爱上英格兰队了 可惜英格兰止步四强 就差一点点就能在球衣上再添一星 😭后悔没
2026-08-06T19:33:44 | bye_-_ | 谁能想到最近磕到的好剧是双男主剧了……京城奇探我是又期待有第二季又怕第二季为了审核那些破事儿而毁了这部剧……真的好看，没有那些个乱七八糟的感情线，想怎么嗑都随意
2026-08-06T19:32:05 | soup追剧日记 | 先👍后取#影视推荐##综艺分享# 2026.08.06【综艺更新】心动的信号9 链接：网页链接制胜（6集全）.纪录片链接：网页链接一路向海的少年链接：网页链接开
2026-08-06T19:30:50 | 999感冒灵 | 灵仔的小彩蛋被大家看到夸夸了好开心！带给大家温暖灵仔义不容辞，在这里祝福清峄素素，也祝福所有有缘人都可以长长999！我们33集，结尾见！#这一秒过火##慕容清峄
2026-08-06T19:27:21 | 在音乐厅吃瓜的钢琴 | 哈哈哈哈哈哈哈//@刘一鸣:所有人，暂停手中的事情，过来看宁宁给我的五星好评！ 评论配图 //@我叫刘思岑:蒋贺之……确实中睇又中用…… 评论配图 //@刘一鸣
2026-08-06T19:21:03 | 谁允许你给我上粉籍 | #一路向海的少年# 我的评分：这么好看的综艺谁差评我就炸了你 
2026-08-06T19:14:47 | Top全肯定不解散毒唯不服受着 | #一路向海的少年# 我的评分：《登陆少年·一路向海》这档新团综刚上线就直接把氛围感和惊喜感拉满，每一期都看得人全程嘴角压不住！少年们自带的鲜活少年气太戳人，奔跑
2026-08-06T19:14:26 | 辽宁卫视 | 奔赴大连长海海岛，告别特种兵式旅行，追海豚、近海垂钓，沉浸式做一日悠闲岛民#带你游辽宁 ##带你游辽宁现在就出发# 辽宁卫视的微博视频 
2026-08-06T19:12:41 | 桃子看剧 | #不知道的以为沈腾在春晚##沈腾最后一秒节目效果拉满#你的龙终于来了，沈腾出场就是王炸！节目效果从头到尾，最后一秒直接封神哈哈哈哈哈 
2026-08-06T19:08:54 | 浮光笺 | #重器官宣定档#这是接档兵自风中来呀！可以可以，演员都是我喜欢的，播了会去看看的～ 
2026-08-06T19:07:35 | 游戏小纸条 | 33Svan廿六生日主题卡收集进度更新。玩家目前持有8/10张卡，含SSR静语藏锋、瑰色良辰及SR安隅、素栖等，唯缺昭夕、宴两张。该玩家发布互换需求，欲以重复卡
2026-08-06T19:02:23 | 慕声工作室 | 搭界广播剧#搭界广播剧#- 第五集 热炒·草头圈子 -夏日食欲不振？来天天饭店一键治愈！ 本周主厨暖心推荐：红烧划水、毛蟹年糕、烂糊肉丝、草头圈子 浓油赤酱碰撞
2026-08-06T18:53:23 | hxgbdjuxgxjshe | 好羡慕有大yx的剧，还没开播呢，抖音就有10万赞的空镜视频了，我们京城奇探的镜头和打光也特别美啊 
2026-08-06T18:46:44 | 桐桐的精彩 | 《《这一秒过火》第30-31集预告；危机全面爆发，李柏则与慕容清峄于险境布局》播放量：2013作者：影视海风吹网页链接 
2026-08-06T18:44:44 | 勇敢妞妞每天开心 | （护眼）活动企宣类视频复盘做活动宣传类视频就像拍纪录片一样，也是需要写脚本的。最近看了《半熟恋人5》，这是一档真人秀节目，在没有预知事件但是节目组依然需要把视频
2026-08-06T18:34:54 | 在蜜蜂花园刷攻略的小樱桃 | 百花杀 更新至第36集资源+番外+剧综（夸+ 度）4K臻享⬇️  
2026-08-06T18:34:19 | 家有两表 | 孟子义《百花杀》豆瓣6.1，吴谨言《御廷谣》空降4集播放破1500万：国产大女主剧的“伪爽”与“真破局”，差的不只是剧本 
2026-08-06T18:32:34 | 心船只向她 | #王楚然演技#王楚然演技好好，天生好演员。快来看这一秒过火，王楚然完美演绎出任素素的破碎挣扎 
2026-08-06T18:24:33 | 辣眼辣妹 | 永远拒绝qjf！别逼svip用户疯狂差评
2026-08-06T18:23:27 | 阳光的荷 | #重器官宣定档#《重器》定档！这部法治大戏终于要播了 期待了很久的法治剧《重器》正式官宣定档，8月10号登陆央视八套黄金档，爱奇艺同步播出，之前各种档期猜测也终
2026-08-06T18:16:37 | 前方突击 | #京城奇探官微# 我的评分：非常的好看，两人配合得很好，是陪伴彼此的朋友，知心的朋友，一起探案，保护受害人的权利，为他们找正义，非常支持去看 
2026-08-06T18:09:16 | 温温有繁星 | 更新综艺合集链接:网页链接  
2026-08-06T18:07:41 | 辽宁卫视 | 来长海实现海鲜自由！鲜到出圈，品类丰富，加工实惠，一口尝到大海本味！#带你游辽宁 ##带你游辽宁现在就出发# 辽宁卫视的微博视频 
2026-08-06T18:04:46 | 痣商夯 | 王安宇贾冰烫嘴粤语惹陈伟霆爆笑不断！现在就出发|综艺推荐|王安宇|贾冰|陈伟霆|胡先煦|金晨 痣商夯的微博视频 
2026-08-06T18:03:00 | 我在人间捡故事 | #披荆斩棘的哥哥阵容前瞻#想看曹骏，余文乐，刘畊宏，哈哈哈。。 
2026-08-06T17:58:04 | 小样爱追剧 | 这一秒过火 全33集4K+1080d：网页链接     k：网页链接 
2026-08-06T17:54:14 | Scarlett迪迪- | #这一秒过火# 弃剧n次终于看完了没想到最后成了爱国主题剧，最精彩的部分是二哥和颖军为国牺牲做了“汉奸”(李大帅牺牲也挺震撼)，自燃当灯塔的部分太好哭了第二看点
2026-08-06T17:50:34 | yang小羊耶 | 下午的美妙经历老板送了咖啡和小蛋糕，虽然小蛋糕是好评换的。本来是想买咖啡蛋糕套餐，老板说今天写好评送蛋糕哈哈哈。正品尝呢，老板又送了杯咖啡，刚好是我想喝的另一杯
2026-08-06T17:45:58 | 目哭 | 京城奇探 两面三刀我就这样：@翟子路@京城奇探官微 #京城奇探全阵容官宣# 
2026-08-06T17:44:15 | 元队长 | 今日爱奇艺云包场预告2，兵自风中来，共计6666份08.06 19:30看15分钟 6666份云包场链接：网页链接#兵自风中来# 
2026-08-06T17:43:08 | 辽宁卫视 | 大连长海县，一海藏有万般模样，是玻璃海、果冻海、琥珀海，更是五彩斑斓的黄海秘境#带你游辽宁现在就出发  ##辽宁旅游打卡点 #辽宁旅游推荐官 #辽宁海岛游# 辽
2026-08-06T17:41:26 | 追星少女白小棠 | 张凌赫与王楚然的化学反应简直封神！天选正缘实锤了！ #张凌赫# #王楚然# #这一秒过火# 追星少女白小棠的微博视频 
2026-08-06T17:41:00 | EtuileAIthil | 出道三年三番内票房实绩42个亿（没算封神1，怕算了酸鸡破防），26年电影圈上半年唯一的大制作和下半年唯一的大制作无缝进，陈思诚和申奥抢档期，95生唯一电影主流奖
2026-08-06T17:40:50 | 技术车汇 | 谁还在看千篇一律的套娃SUV啊🥺直到见到长安启源Q06瞬间眼前一亮✨整车由前保时捷设计师克劳斯・齐乔拉原创设计，依托长安汽车四大全球化设计中心，协同来自39个国
2026-08-06T17:28:55 | 妞妞的他独自远游去了 | 重器真是近年来，全员我都不讨厌且还多少挺喜欢的阵容了，哈哈哈哈哈等看 
2026-08-06T17:20:33 | 小狗斯特 | #重器官宣定档# 哈哈哈可爱🙌姜珮瑶蒋奇明黄澄澄互相让位置合照！#重器看片会# 小狗斯特的微博视频  
2026-08-06T17:17:10 | 李梦杰嘴笨 | 脱口秀和ta的朋友们#脱口秀和Ta的朋友们##我的脱友开放麦# 明天有我的片段播出 
2026-08-06T17:16:04 | 程望安 | 作为编导生，真的是很喜欢看电影，每次看到好的电影就忍不住写影评，虽然工作并未从事相关行业，但是真的很想为自己喜欢电影发声，但是看完《年会不能停2》后散场我以为大
2026-08-06T17:14:46 | Nostalgic-灯 | 哈哈哈宝宝给风车质量差评
2026-08-06T17:10:33 | 晚安羊咩咩_ | 自从短剧出来之后，都很少看长剧了，当然最主要的是很难遇到好看的长剧，很多都是虎头蛇尾，看一点就想弃剧了。之前看宣发的《百花杀》不错，开了会员硬撑着看了10集左右
2026-08-06T17:05:46 | 南希剧影 | 百花杀 更新至第36集资源+番外+剧综（夸+ 度）4K臻享⬇️  
2026-08-06T17:00:56 | 中影小水 | 拯救剧荒 8月6日，今晚看点啥？？图1 追剧日历 图2 综艺日历  图3  已完结剧集 🈶江海潮生 王鸥/杨立新/何冰/郝平(按演员姓氏笔画排序)🈶兵自风中来 
2026-08-06T16:56:40 | Dolly娱乐 | 地球超新鲜  关系太复杂了吧，宋茜是太姑奶奶，玉雯是太奶奶，叫姑奶奶，调戏星旭爽了王玉雯｜宋茜｜林一｜地球超新鲜 Dolly娱乐的微博视频 
2026-08-06T16:55:39 | 花开未开46935 | 肖战#肖战#xz#莫得闲剧好看上线#山河动荡，小镇藏锋。《莫得闲》择八一节点开播，借戈止镇一隅，写乱世众生风骨。肖战落地塑造角色，把普通人的胆怯、坚韧与挺身而出
2026-08-06T16:51:24 | 用户9181829564 | #百花杀# 我的评分：🌟亮点推荐： 
2026-08-06T16:47:33 | 一万年的娱 | 《兵自风中来》大结局：8人结局彻底落定，4大遗憾悬在最后追完大结局真的五味杂陈，终于收官了！后半程全程高能，一场演习接着一场硬仗，郭子剑带着御风营一路逆袭，干翻
2026-08-06T16:45:54 | YwwwD | 这个泰奶又贵又不好喝 完全差评😐😐又去吃旺记了  夏天去吃真的好热啊坐在里面开空调还是能吃得出汗🥵东城新开的牛奶冰朋友说还可以 吃完饭就立马去奔赴了一去到都是人
2026-08-06T16:33:58 | 鑰匙圈_- | 2026七月待播剧阵容卷到离谱今年暑期档真是下血本了，9部大剧扎堆上线张凌赫、宋威龙、鞠婧祎、孟子义、陈哲远、任嘉伦全部扎堆七月有虐到心碎的国民爱情，大女主复仇
2026-08-06T16:32:21 | 差点子兔了 | 我以前怎么不知道一饭封神这么好看感觉看这种跟职场相关的综艺 真可以映射到自己生活当中哈哈哈哈哈果然 各行各业都还是需要充足的理论知识和实践经验才能让人信服真千万
2026-08-06T16:15:19 | _差三岁_ | #尤长靖演唱会北京站定档#哈哈哈哈哈终于等来了！ 
2026-08-06T16:13:04 | 黄发发发宝 | #张凌赫喂刘宇宁吃面##张凌赫喂完你的喂你的# 给这衣服差评咋都扯不坏章若楠其实你不用那么礼貌，下次记得多扯点 黄发发发宝的微博视频 
2026-08-06T16:01:12 | 渝与田晴_ | 🫐巧克力海盐千层卷｜免烤箱·有手就会的甜品今天做了超爱的海盐千层卷搭配上脆脆滴巧克力坚果脆皮真嘟太爱啦❤️还有我爱吃的榛子味威化饼干香香脆脆，满满的榛子味蓝调时
2026-08-06T16:00:00 | 财富捕手达哥 | 56岁的鲁豫现身新疆，顶着39度高温拍照，一身吊带依旧十分亮眼，能把身材保持得这么好确实不容易。8月1日，鲁豫在社交平台“陈鲁豫的电影沙发”上发了四个字——“来
2026-08-06T15:54:00 | 河北长城网 | 【城城小调查：暑期档热播剧哪部最值得追？】这个夏天，哪部剧最值得追？一起聊聊~@丁禹兮 @邓恩熙 《花开锦绣》，@William威廉陈伟霆 @曾舜晞Joseph
2026-08-06T15:51:09 | 阿伏加德罗的锣 | 看到说🐲餐厅其实今天才下证哈哈哈然后主演转发的都是央新闻发的，咱也不懂这电影到底啥套路，早早上电影节然后等待，最后突击式定档再发证。市场压舱石如老腾也没得畅通无
2026-08-06T15:44:39 | 许诺36775 | #刘宇宁一诺上线# | #腾讯音乐由你榜# | 摩登兄弟从歌手到演员零差评多赛道领跑#刘宇宁地球超新鲜# 刘宇宁铁证、刘宇宁高原摩登兄弟刘宇宁、刘宇宁、宁哥、l
2026-08-06T15:37:07 | 我也不爱讲话 | 笑死我了哈哈哈哈哈王凯沐你略输一筹这次吵架没吵赢大小姐 “再进你的房间我就是狗！”我肚肚笑的好疼我已经心痒痒了 快端上来啊啊速速定档啊🐧预约《我的大小姐》 我也
2026-08-06T15:25:55 | 楠楠的极地白 | 你们有没有发现王楚然才27周岁年纪轻轻，出道没几年，但是她居然手里还握着三部待播剧！这三部剧分别是：《明月录》《浮生》《烽影燃梅香》，这三部剧有古装的，也有仙异
2026-08-06T15:18:49 | 赴赫一场晴 | 电视剧这一秒过火  这部剧在我心中它早已封神🔥这部剧给我的震撼不是单纯的甜虐给的，是格局给的，是厚重感给的。它的格局，真的秒了市面上的很多偶像剧……不止有爱，更
2026-08-06T15:04:12 | 追星蜀黍 | 此沙#黄渤此沙是在加密互动吗##黄渤此沙地三仙售后来了#啊啊啊我们封神组也有售后了，黄渤评论回复此沙“师乌爱”，师叔+吉乌+爱等于帅哈哈哈，这是什么加密通话，你
2026-08-06T15:00:06 | Sweet一_ | 现在就出发沈腾｜王安宇｜贾冰｜范丞丞｜胡先煦｜黄景瑜｜陈伟霆｜金晨 Sweet一_的微博视频 
2026-08-06T14:57:30 | 鸡蛋卷nice | #脱口秀和ta的朋友们# 第三季资源 更新至0806第三期离场之后👇 
2026-08-06T14:51:36 | Cinsoul | 四川行之Day2：嗯没错，时隔这么久才开始整理照片...感谢一下出差的领导就是四川行还要一直改的那个案子！啊哈哈哈哈领导替我出差去提案了其实整趟旅程大部分时间是
2026-08-06T14:33:43 | 布衣定江山 | 专访曝光五五开设计三国斗地主！《三国：百将牌》S1等你来玩前段时间STN的专访放出之后，不少关注五五开动态的朋友，都注意到了他亲自参与制作的三国斗地主《三国：百
2026-08-06T14:26:12 | lovely_zui | 张凌赫慕容清峄封神收官，见证张凌赫六年蜕变实力#电视剧这一秒过火 刷完《这一秒过火》大结局，慕容清峄彻底成为张凌赫又一标杆式荧幕角色。纵观全剧，他以航校校长身份
2026-08-06T14:22:58 | 只是路人乙C罢了 | 太好看了,看的都有创造欲望了,赶紧第二季,一定要有第二季啊！#马思超翟子路京城奇探##同人产粮节##绘画# 
2026-08-06T14:18:28 | 嗜书_酒茶 | #丁禹兮花开锦绣# 大爆！！！#丁禹兮赵凌# 爆爆爆！！！！太激动反而破音，真尴尬呀哈哈哈！对于本i人来说在#黄山# 真的豁出去了，大家都来腾讯视频看这个《花开
2026-08-06T14:14:08 | Alice愛麗絲魔幻 | #重器定档# #重器# 期待黄景瑜#黄景瑜重器# @黄景瑜
2026-08-06T14:09:40 | 藤川柚鈴 | 看完五椰好幸福呀从节目组到嘉宾前辈真的都把TOP当小孩在照顾想把全世界最好的祝福和爱都给TOP倪萍老师对TOP的赞赏和祝福更是一句接一句…哎真的没有人在认识之后
2026-08-06T14:08:31 | 当然有戏__ | #这一秒过火大结局#今年暑期档最让人上头的民国虐剧，绝对是王楚然张凌赫的这一秒过火！三对cp无一圆满。追完《这一秒过火》全员be的大结局，心里堵了很久，久久走不
2026-08-06T14:00:41 | 丁香花叻 | ✨#周深新歌全世界的雨#✨✨#周深脱口秀和ta的朋友们3#6月26日起，每周五周六12点更新，会员抢先看一周，6月24日12点更有先导片惊喜更新！周深@卡布叻_
2026-08-06T14:00:23 | 睡到九点a | #沈腾新电影8月11日首映#沈腾主演的战争美食力作正式定档8月11日全国上映，但这部由执导的新片，将带他走出纯喜剧的舒适区，挑战战火中一名中国厨师的悲欢与蜕变。
2026-08-06T13:58:21 | 迷糊不迷茫 | ✨#周深新歌全世界的雨#✨✨#周深脱口秀和ta的朋友们3#6月26日起，每周五周六12点更新，会员抢先看一周，6月24日12点更有先导片惊喜更新！周深@卡布叻_
2026-08-06T13:55:33 | 一线瓜主金满满 | #这一秒过火没破万# 这一秒过火真的被严重低估了，完全是被黑水拦住的一部剧，等着秒火口碑平反的一天！！前期狗血剧情信息量很大，一波接着一波 ，没想到大结局完全封
2026-08-06T13:53:54 | 蜕变的蝴蝶说事 | ✨#周深新歌全世界的雨#✨✨#周深脱口秀和ta的朋友们3#6月26日起，每周五周六12点更新，会员抢先看一周，6月24日12点更有先导片惊喜更新！周深@卡布叻_
2026-08-06T13:50:50 | 当代戏精夏洛特 | #这一秒过火没破万# 这一秒过火真的被严重低估了，完全是被黑水拦住的一部剧，等着秒火口碑平反的一天！！前期狗血剧情信息量很大，一波接着一波 ，没想到大结局完全封
2026-08-06T13:45:34 | 醋小妞vinegar | #这一秒过火没破万# 这一秒过火真的被严重低估了，完全是被黑水拦住的一部剧，等着秒火口碑平反的一天！！前期狗血剧情信息量很大，一波接着一波 ，没想到大结局完全封
2026-08-06T13:44:51 | 五皇子妈 | 脸都不要了大家看到拌匀就给一个大举报（截取部分片段re不算拌匀哦）又想要我们的饭撒了是不是我作为b站用户，普通观众举报这条视频存在完整搬运盗搬行为：该UP主无授
2026-08-06T13:38:46 | 好运uuuu | 这一秒过火为什么是be我弃剧了… 
2026-08-06T13:36:31 | 孟子义粉丝后援团 | 🌸百花杀收官战报🌸🌸 云包场全力托举：孟丝云包场超10.88万座，金额超326万元。开播18分钟角色热度破亿，V完结角色热度突破2亿+。🌸 角色热度断层：孟子义
2026-08-06T13:35:31 | 西瓜全娱乐 | #王籽苏凭这一秒过火海棠青出圈##00后王籽苏把青衣卧底演活了#  王籽苏凭借《这一秒过火》海棠青出圈，咱就是说谁会不喜欢王籽苏在剧中饰演的青衣卧底这个双面角色
2026-08-06T13:34:27 | 追剧时报 | #王籽苏凭这一秒过火海棠青出圈##00后王籽苏把青衣卧底演活了# OMG，谁懂一整个这个王籽苏的含金量啊，在秒火中饰演的海棠青，风情万种的名伶和步步为营的海老板
2026-08-06T13:31:32 | 周叮叮叮_ | 星光大赏最权威的一年，内娱最强的6个顶流，不仅没塌房，反而越来越好 周叮叮叮_的微博视频 
2026-08-06T13:27:52 | 富贵波波子 | #沈腾新电影8月11日首映#沈腾演个叫徐福的厨师，为了还债跑去中东开了家中餐馆。本来生意红火，结果战争突然爆发，命运直接急转直下。中餐烟火气和战乱背景放一起的反
2026-08-06T13:20:24 | 我卖自来水养你啊 | 看完了，之后要多给张泽禹镜头，不然差评！@一路向海的少年官方微博 @腾讯视频VIP @腾讯视频 
2026-08-06T13:16:53 | 迷糊小星星不叻 | ✨#周深新歌全世界的雨#✨✨#周深脱口秀和ta的朋友们3#6月26日起，每周五周六12点更新，会员抢先看一周，6月24日12点更有先导片惊喜更新！周深@卡布叻_
2026-08-06T13:12:43 | 壓箱底的菟子裝 | 《这一秒过火》收官：3人零差评，1人翻红，1人升咖，2人被骂惨，张凌赫这次真的“过火”了？ 
2026-08-06T13:12:07 | 大熊猫爱在庐山泡茶 | 看完了今年最期待的剧 这一秒过火🔥虽然网上差评无数 但我冲着主演的颜值还是看了剧情确实很雷霆 很多人设也别扭拧巴导演拍的角度也很迷惑 太喜欢怼脸 少了故事感但是
2026-08-06T13:10:28 | 一口大屁桃桃 | 暑期档真正的对打来了——8.10🐑8⃣️《重器》黄景瑜、蒋奇明、于和伟8.11🐑1⃣️ 《藏锋》段奕宏、余男 
2026-08-06T13:08:53 | 小甜爱吃肉Olivia | ✂️ #侯明昊雀骨# |#侯明昊萧无衣# | #侯明昊属于我们的巡回演唱会# ｜独学学不如众学学大家一起來試試吧@侯明昊本集分享如何打马塞克应用功能：画中画、抠
2026-08-06T13:08:09 | 吃点好的baaaa | 无差评会不会是因为太糊 
2026-08-06T13:04:58 | 胖猫跳水_ | #侯卓成前女友##周杰伦疑似回应私生子##王橹杰回复了橹穆cpf##罗正一年花170元146给了苹果##奇文##行程图##任素素怀孕##谢霆锋演唱会状态#套公式
2026-08-06T13:00:41 | 脱口秀和Ta的朋友们 | #脱口秀和Ta的朋友们# 新一轮舞台蓄势待发！脱友们带着全新段子登台较量，脑洞观点轮番炸场，高光时刻即将解锁，每周五周六12点锁定@腾讯视频 ，会员抢先看一周！
2026-08-06T12:59:06 | 钢镚叮叮响 | 开始推理吧4 第9期下8.6先后取～ 
2026-08-06T12:57:22 | panda1panda | #追剧#补档上个月实时追了灿如繁星，超喜欢足球小子的戏份，属于近期看的剧里我比较喜欢的题材，热血青春，除了中间那俩小子强行拉丝的戏份（女二也挺拉丝的）看得我想笑
2026-08-06T12:55:59 | 困困晚安噜 | #侯卓成前女友##周杰伦疑似回应私生子##王橹杰回复了橹穆cpf##罗正一年花170元146给了苹果##奇文##行程图##任素素怀孕##谢霆锋演唱会状态#套公式
2026-08-06T12:51:05 | 追剧小馆 | 央视接下来黄金档的两部剧8.10央八 #重器# 黄景瑜、蒋奇明、于和伟8.11央一 #藏锋# 段奕宏、余男 
2026-08-06T12:50:00 | Alterlove77 | #何与# 就没正式公开过 八百年前就分手了 某些人阴阳怪气男艺人不发单身声明的是什么居心自己心里清楚 也别骚扰无关艺人了只知道何与刚播了百花杀 没看的欢迎来看啊
2026-08-06T12:46:30 | 辛昕欣0815 | 《百花杀》开播初期曾面临短视频平台宣发限流、下沉市场推广受阻的行业困境，在天然宣发劣势下，《百花杀》能够实现热度逆势增长，核心依托正是孟子义强大的个人号召力与路
2026-08-06T12:42:44 | ai-与 | #何与# 💙#何与萧华雍# 腾讯视频角色热度破1亿，🦈七月男性角色热度top1，🦈百花杀吸粉top1，🦈名场面“我很好哄的呀”全网刷屏出圈，眼神戏、破碎感演技广
2026-08-06T12:41:14 | ai-与 | #何与# 💙#何与萧华雍# 腾讯视频角色热度破1亿，🦈七月男性角色热度top1，🦈百花杀吸粉top1，🦈名场面“我很好哄的呀”全网刷屏出圈，眼神戏、破碎感演技广
2026-08-06T12:40:38 | Meu1ew | #谁家女主踩着男主上车#熟悉吱吱的读者都知道，她的小说向来以“慢热”著称——前期铺垫绵长，人物关系层层递进，一旦进入情感爆发期便势不可挡。《花开锦绣》原著也不例
2026-08-06T12:34:28 | 衍停yy | 一星一意 第一次写同人文，不太好勿喷，如有触雷，自行隔离 
2026-08-06T12:21:29 | 种花得花种钱得钱 | 京城奇探快看完了，习惯每天晚上看几集，越看越好看了，不知道有没有第二季@京城奇探官微 
2026-08-06T12:20:29 | 小甜爱吃肉Olivia | ✂️ #侯明昊雀骨# |#侯明昊萧无衣# | #侯明昊属于我们的巡回演唱会# ｜独学学不如众学学大家一起來試試吧@侯明昊本集分享如何打马塞克应用功能：画中画、抠
2026-08-06T12:19:44 | 影视葛二蛋 | 24集当代公安题材电视剧《#藏锋#》预计将于8月11日起登陆 CCTV1黄金档+腾讯 播出！主演：段奕宏、余男、阿如那、李纯、万鹏、刘欢、凌潇肃、邢佳栋、张国强
2026-08-06T12:18:11 | 小阳推荐官 | #张凌赫这一秒过火结局口碑反转#谁懂啊？这一秒没有用单一结局标准绑架一部作品，开放式的留白留给观众解读空间。比起强行HE，这份带着遗憾的收尾，反而更让人久久回味
2026-08-06T12:10:39 | JHR初心吖 | 出自腾讯视频纪录片《前浪2》第二集《李抗美的决定》，一段长达18年没有婚姻名分的黄昏恋。## 一、人物与情感底色老李与李抗美是真心生出感情的伴侣，一起旅游、唱歌
2026-08-06T12:05:24 | zgch1987_904 | 这就是你们口中的zyk珮瑶gc都看不到发重 器yxh的程度 
2026-08-06T12:00:43 | 脱口秀和Ta的朋友们 | #脱口秀和Ta的朋友们# 第三赛段团战赛精彩抢先看！本周邀请到老友团哈哈曹@长沙灭霸 担任开场嘉宾，讲述自己的颜值焦虑，引得全场爆笑！脱友们金句不断，连连炸场，
2026-08-06T12:00:18 | 冬季影约 | 情感#谁家女主踩着男主上车#熟悉吱吱的读者都知道，她的小说向来以“慢热”著称——前期铺垫绵长，人物关系层层递进，一旦进入情感爆发期便势不可挡。《花开锦绣》原著也
2026-08-06T12:00:06 | 董子凡工作室 | 董子凡 📺#董子凡花开锦绣# 温表藏锋，执念蚀心。《花开锦绣》开播倒计时3天，静待与俞敬修@董子凡要努力 一同入局，共看风波起落。腾讯视频🐧花开锦绣 
2026-08-06T11:54:17 | ye椰果酱冒泡日志 | 林子烨  百花杀｜天圆 物料合集杀青：首发预告：网页链接杀青倒计时网页链接杀青与花合拍网页链接首发剧照网页链接杀青照：网页链接杀青特辑网页链接节日物料：新年群像
2026-08-06T11:45:56 | Neo_昊 | ✂️ #侯明昊萧无衣# ｜ #侯明昊杨无间# ｜#侯明昊属于我们的巡回演唱会# ｜独学学不如众学学大家一起來試試吧@侯明昊本集分享如何打马塞克应用功能：画中画、
2026-08-06T11:39:11 | 芒果派计划 | #百花杀# 这样的好剧请多来好嘛，孟子义、何与、徐正溪、赖伟明、陈鹤一、叶祖新、张峻宁、赵志伟等等，什么样的神仙阵容啊，顾范相争，顾家落败，全族被诛，唯一的幸存
2026-08-06T11:38:03 | 剑网3缘起 | 【转关抽5,000通宝】昔年以刀守义，藏锋于世；今朝风云再起，#剑网3缘起# 全新门派霸刀即将踏入江湖，一同见证傲骨出鞘！✦  长锋短刃，进退由心。霸刀弟子以独
2026-08-06T11:35:47 | 创意家居amy | 【#张凌赫回应这一秒过火大结局#：逃跑吧，我们一起】#这一秒过火全员be#民国剧《这一秒过火》在8月5日迎来大结局，三对CP无一生还、仅女主角任素素独活的“全员
2026-08-06T11:30:46 | 时尚达人六六 | 【#张凌赫回应这一秒过火大结局#：逃跑吧，我们一起】#这一秒过火全员be#民国剧《这一秒过火》在8月5日迎来大结局，三对CP无一生还、仅女主角任素素独活的“全员
2026-08-06T11:27:52 | 小檀梨月花 | 你就不能给我一点空间吗我只是十分钟没有回你消息✨你就这样紧张我去工作不能不回我去学习不能不回去吃饭去睡觉都不能不回你✨所以我得工作不做饭不吃澡不洗觉也不睡二十四
2026-08-06T11:25:47 | Boom球爷 | 【#张凌赫回应这一秒过火大结局#：逃跑吧，我们一起】#这一秒过火全员be#民国剧《这一秒过火》在8月5日迎来大结局，三对CP无一生还、仅女主角任素素独活的“全员
2026-08-06T11:23:43 | 欧豪小迷条 | #欧豪兵自风中来郭子剑# 欧豪封神演技！郭子剑隐忍落泪，狠狠共情了
2026-08-06T11:20:47 | 互联网戴文 | 【#张凌赫回应这一秒过火大结局#：逃跑吧，我们一起】#这一秒过火全员be#民国剧《这一秒过火》在8月5日迎来大结局，三对CP无一生还、仅女主角任素素独活的“全员
2026-08-06T11:20:47 | 娱乐达人陆志华 | 【#张凌赫回应这一秒过火大结局#：逃跑吧，我们一起】#这一秒过火全员be#民国剧《这一秒过火》在8月5日迎来大结局，三对CP无一生还、仅女主角任素素独活的“全员
2026-08-06T11:20:39 | ohokjy啊啊啊啊啊 | 欧豪#欧豪兵自风中来一滴泪镜头#欧豪的演技没的说太有感染力了看着预告就已经开始难受了今天又要陪着郭子剑掉小珍珠了太快了今晚就可以超前点播了，舍不得和郭子剑说再见
2026-08-06T11:08:09 | 肖张199 | 肖战#莫得闲剧好看今日开播#xz#莫得闲剧好看上线#1580-1#莫得闲结局细节# 山河动荡，小镇藏锋。《莫得闲》择八一节点开播，借戈止镇一隅，写乱世众生风骨。
2026-08-06T11:07:42 | 橘子熟了呀啊 | 预告片就狠狠拿捏到我了
2026-08-06T11:05:25 | 芝草o_o | 🆘哈哈哈哈哈哈哈//@电影夏洛特烦恼:你们呼吁一下 让他们把号给我 哈哈哈哈 我以后就能一起切皮了//@喵汪教信徒:钢兰家族是出场费太贵了吗 怎么不来🥺//@电
2026-08-06T11:02:54 | 娱乐速报- | #欧豪兵自风中来一滴泪镜头#封神名场面来了！《兵自风中来》欧豪克制式哭戏，不泛滥的情绪，只落下一滴眼泪。铁骨军人也有柔软内心，刚毅外壳下的情绪瞬间破防，短短一个
2026-08-06T11:02:38 | 少年老成陈大器 | #欧豪兵自风中来一滴泪镜头# 欧豪这段克制哭戏直接封神，全程强压情绪只滑落一滴眼泪，没有崩溃大哭，隐忍酸涩全都藏在眼底，军人骨子里的刚强和对战友的不舍碰撞在一起
2026-08-06T11:00:15 | 深宅大愿 | 顺义City不city？来听比三里屯更燥的夏日晚风☁️🚗到顺义祥云小镇度假，一进街区就撞进「SUMMER FLOWS」的夏日声浪里。好久没来顺义，这儿琳琅满目的
2026-08-06T10:59:24 | 义想到你呀 | #向全世界安利孟子义# 🌸#孟子义连续四部剧进拉新年榜# 孟子义连续四部剧进拉新年榜，《花琉璃》、《九重紫》、《桃花映江山》、《百花杀》，每一部都好评满满，努力
2026-08-06T10:58:27 | 绯某人是只非洲婶 | 更新完试了一局监管，这跳莫名想笑。。然后添页是打到了，不过一格只能放放两张有点占位置，能不能像羽毛一样一格放四个？ @网易第五人格 （约瑟夫居然不是用脚踹差评哈
2026-08-06T10:40:08 | 小袁说数码 | 【#张凌赫回应这一秒过火大结局#：逃跑吧，我们一起】#这一秒过火全员be#民国剧《这一秒过火》在8月5日迎来大结局，三对CP无一生还、仅女主角任素素独活的“全员
2026-08-06T10:38:26 | Emmanuel光和盐 | 看完这一秒过火大结局，眼睛哭肿了。立意之高，远超预期。家国、责任、理想、情义，全都融在每个人的命运里。演技全员在线，代入感太强了。它不是那种工业糖精或狗血堆砌的
2026-08-06T10:30:09 | 戏精少年王大强 | 【#张凌赫回应这一秒过火大结局#：逃跑吧，我们一起】#这一秒过火全员be#民国剧《这一秒过火》在8月5日迎来大结局，三对CP无一生还、仅女主角任素素独活的“全员
2026-08-06T10:30:08 | 爱车的捷哥 | 【#张凌赫回应这一秒过火大结局#：逃跑吧，我们一起】#这一秒过火全员be#民国剧《这一秒过火》在8月5日迎来大结局，三对CP无一生还、仅女主角任素素独活的“全员
2026-08-06T10:20:48 | 车站的云 | 这对吗哈哈哈哈哈//@电影夏洛特烦恼:你们呼吁一下 让他们把号给我 哈哈哈哈 我以后就能一起切皮了//@喵汪教信徒:钢兰家族是出场费太贵了吗 怎么不来🥺//@电
[OK] [解析-微博剧综] parse_weibo_content.py (timeout=300s) (returncode=0)

===== [采集-豆瓣] collect_douban.py (timeout=2400s) =====
[登录态] 使用 douban_login_data 登录态采集
发现相关小组: 46
   https://www.douban.com/group/703147/
   https://www.douban.com/group/124748/
   https://www.douban.com/group/707727/
   https://www.douban.com/group/682411/
   https://www.douban.com/group/751531/
   https://www.douban.com/group/187233/
   https://www.douban.com/group/762693/
   https://www.douban.com/group/754805/
   https://www.douban.com/group/763186/
   https://www.douban.com/group/759143/
   https://www.douban.com/group/685857/
   https://www.douban.com/group/642171/
   https://www.douban.com/group/612746/
   https://www.douban.com/group/752208/
   https://www.douban.com/group/620074/
   https://www.douban.com/group/763479/
   https://www.douban.com/group/683581/
   https://www.douban.com/group/508496/
   https://www.douban.com/group/740196/
   https://www.douban.com/group/609910/
   https://www.douban.com/group/376291/
   https://www.douban.com/group/345975/
   https://www.douban.com/group/479483/
   https://www.douban.com/group/710081/
   https://www.douban.com/group/554165/
   https://www.douban.com/group/763514/
   https://www.douban.com/group/498940/
   https://www.douban.com/group/752294/
   https://www.douban.com/group/685462/
   https://www.douban.com/group/688233/
   https://www.douban.com/group/199976/
   https://www.douban.com/group/635121/
   https://www.douban.com/group/751840/
   https://www.douban.com/group/739606/
   https://www.douban.com/group/343650/
   https://www.douban.com/group/303333/
   https://www.douban.com/group/661890/
   https://www.douban.com/group/644798/
   https://www.douban.com/group/738147/
   https://www.douban.com/group/699073/
   https://www.douban.com/group/746835/
   https://www.douban.com/group/738830/
   https://www.douban.com/group/667558/
   https://www.douban.com/group/520492/
   https://www.douban.com/group/638298/
   https://www.douban.com/group/589918/
[https://www.douban.com/group/703147/] 讨论帖 1 条 -> 负面候选 1
[https://www.douban.com/group/124748/] 讨论帖 0 条 -> 负面候选 0
[https://www.douban.com/group/707727/] 讨论帖 3 条 -> 负面候选 2
[https://www.douban.com/group/682411/] 讨论帖 29 条 -> 负面候选 12
[https://www.douban.com/group/751531/] 讨论帖 54 条 -> 负面候选 6
[https://www.douban.com/group/187233/] 讨论帖 13 条 -> 负面候选 0
[https://www.douban.com/group/762693/] 讨论帖 49 条 -> 负面候选 3
[https://www.douban.com/group/754805/] 讨论帖 54 条 -> 负面候选 13
[https://www.douban.com/group/763186/] 讨论帖 54 条 -> 负面候选 11
[https://www.douban.com/group/759143/] 讨论帖 12 条 -> 负面候选 3
[https://www.douban.com/group/685857/] 讨论帖 0 条 -> 负面候选 0
[https://www.douban.com/group/642171/] 讨论帖 48 条 -> 负面候选 5
核实 单依纯粉丝向工作室维权票价问题 | time=2026-03-24T10:42:50
核实 哈哈哈哈哈终于发新物料了，鹿晗官宣啦 | time=2020-10-19T14:47:29
核实 哈哈哈哈哈哈哈哈终于官宣啦！！！！概念海报也发布 | time=2020-10-16T16:18:42
核实 【免费】领取腾讯VIP，还有奈雪奶茶券 | time=2024-08-09T16:28:00
核实 腾讯会员薅羊毛~~ | time=2024-06-05T16:54:31
核实 腾讯视频会员有需要的不？ | time=2024-03-14T15:47:16
核实 小程序新春活动来了，腾讯视频vip免费拿！ | time=2024-02-04T14:12:00
核实 优酷年卡会员 | time=2023-07-14T17:01:30
核实 各平台优惠视频会员｜走过路过不要错过 | time=2023-07-10T11:23:45
核实 ➗腾讯会员一个月 | time=2023-06-18T10:14:49
核实 腾讯爱奇艺优酷会员 | time=2021-01-16T18:06:57
核实 芒果TV会员，免费薅 | time=2023-04-27T14:11:48
核实 视频会员哪家强，看看我的咋样？ | time=2023-04-05T17:18:02
核实 腾讯爱奇艺韩剧会员都能看 | time=2022-03-02T08:50:55
核实 优酷腾讯芒果爱奇艺五折会员活动 | time=2020-01-29T18:13:44
核实 醉梦预告台词整理 | time=2026-06-20T18:01:21
核实 看完最新预告了，体感 | time=2025-10-27T16:43:39
核实 醉梦第一版预告不错 | time=2025-06-23T21:41:19
核实 找一些适合剧情剪辑的音乐 | time=2025-06-21T10:24:00
核实 醉梦这张海报 | time=2025-06-23T23:45:41
核实 醉梦预告关键词 | time=2025-06-23T19:28:16
核实 🍑李涛｜隔壁为什么对热度如此执着 | time=2026-08-06T19:36:33
核实 柳周数据高但无法变现，这数据不白高了么🤔 | time=2026-08-06T19:51:52
核实 全网爆火的lzcp商务广告什么时候来？结束那么久 | time=2026-08-06T16:19:16
核实 桃花坞停播🍉 | time=2026-07-23T14:50:46
核实 好喜欢第六季 | time=2026-07-17T13:18:27
核实 每一个说这一季桃花坞不好看的路人都会精准的提到“ | time=2026-07-09T18:01:03
核实 桃花坞剪辑！！！后期！！！我恨你们！ | time=2026-07-17T15:47:28
核实 第九期下比上好看 | time=2026-07-10T12:45:00
核实 不断更新中，从别的综艺挖点人到第七季。 | time=2026-06-29T19:54:16
核实 造池塘部分很好看 | time=2026-07-13T19:13:19
核实 阿如那喜欢嫂子，彭哥喜欢妹子？ | time=2026-06-27T15:31:11
核实 桃花坞加更里我能看见修池塘过程吗 | time=2026-07-09T17:46:17
核实 我们太拘泥于真人秀没有剧本了，这帮人没有剧本很难 | time=2026-07-07T10:16:30
核实 今天的特别加更走心了 | time=2026-07-03T13:44:21
核实 特别加更好看！！ | time=2026-07-03T14:02:00
核实 今天的特别加更好好看 | time=2026-07-03T19:14:23
核实 太好看 | time=2026-07-31T17:11:47
核实 质感不错啊 咋没什么人 | time=2026-07-07T01:04:05
核实 很好笑，演技很细腻，好喜欢这种类型的，好久都没演 | time=2026-07-13T22:39:10
total douban candidates: 40
[OK] [采集-豆瓣] collect_douban.py (timeout=2400s) (returncode=0)

===== [解析-豆瓣] parse_douban.py (timeout=300s) =====
豆瓣窗口过滤: 原始 40 条 -> 窗口内 4 条 (窗口 2026-07-31 10:20 ~ 2026-08-07 10:20)
[OK] [解析-豆瓣] parse_douban.py (timeout=300s) (returncode=0)

===== [采集-黑猫] collect_heimao.py (timeout=2400s) =====
total collected: 110
2026-08-07 | 腾讯视频取消自动续费仍扣费，客服推诿，血汗钱遭黑手 | https://tousu.sina.com.cn/complaint/view/17400593484/?sld=6028730629fd60c7d4f0de63b3fdcf72
2026-08-06 | 自动续费 | https://tousu.sina.com.cn/complaint/view/17400578636/?sld=1234366a97ccd2615cfcb6131b9af10b
2026-08-06 | 腾讯视频遭投诉：会员续费忘关，到期未看体验差 | https://tousu.sina.com.cn/complaint/view/17400587022/?sld=41566ea1d58cdae9c9f9073610f81bae
2026-08-06 | 京东腾讯视频VIP会员旗舰店 | https://tousu.sina.com.cn/complaint/view/17400587494/?sld=8d0e79e849c66d792d33ff58dab364f1
2026-08-06 | 腾讯视频自动续费猫腻多，取消退款遇阻盼处理 | https://tousu.sina.com.cn/complaint/view/17400585576/?sld=558b7af56ee7447c83d82eee55ed0771
2026-08-06 | 腾讯视频未观看申请退款 | https://tousu.sina.com.cn/complaint/view/17400586193/?sld=c88786553368fd960e1ef16c0a692ee9
2026-08-06 | 腾讯视频乱扣费，2025年9月到2026年4月求退钱 | https://tousu.sina.com.cn/complaint/view/17400585967/?sld=184f361aea9ce4e41dee90148b11b287
2026-08-06 | 腾讯视频 | https://tousu.sina.com.cn/complaint/view/17400584056/?sld=622951fabe085b382a45d29a26ab1418
2026-08-06 | 自动扣费 | https://tousu.sina.com.cn/complaint/view/17400582221/?sld=58d59361b818a08e14f4d1c48188aaf8
2026-08-06 | 未提醒乱扣费 | https://tousu.sina.com.cn/complaint/view/17400582923/?sld=3ff057aefd04ed9844675cfe6b38f915
2026-08-06 | 腾讯体育视频 | https://tousu.sina.com.cn/complaint/view/17400580405/?sld=e28c758be48d169aa79debe0a7840872
2026-08-06 | 腾讯视频 | https://tousu.sina.com.cn/complaint/view/17400580470/?sld=cc717ea645d89044732b7d2a2a6cffb9
2026-08-06 | 腾讯视频号小店揽收阶段强行发货，平台误判驳回退款 | https://tousu.sina.com.cn/complaint/view/17400574041/?sld=5dbdaecd8cc8cc9df244f38ce5cbb780
2026-08-06 | 腾讯视频购会员权益缺失，互相推诿，盼退16元全款 | https://tousu.sina.com.cn/complaint/view/17400578509/?sld=5dfa8fc1326e887c1480b64aa95299e3
2026-08-06 | 腾讯视频借苹果App多扣费用，开通SVIP后仍多扣除一项VIP自动扣费 | https://tousu.sina.com.cn/complaint/view/17400576773/?sld=3fbddceb9558d2568bff8270fa8f52e0
2026-08-06 | 腾讯视频：已关自动续费仍扣费，年费会员退款诉求来 | https://tousu.sina.com.cn/complaint/view/17400572367/?sld=cc8a58198ab20e5a0125a28b43a9af21
2026-08-06 | 平台展示失效剧集诱导充值，拒绝退还会员费用 27元 | https://tousu.sina.com.cn/complaint/view/17400571022/?sld=a134174a4b7701dad43d4fb0c9cdddeb
2026-08-06 | 腾讯视频擅自自动续费，30多个月，退款！ | https://tousu.sina.com.cn/complaint/view/17400509717/?sld=9aa6b7232f4e82838a14f95e7ba91112
2026-08-06 | 霸王条款，会员不退费 | https://tousu.sina.com.cn/complaint/view/17400570004/?sld=5a846380ff145917da4b706d43ee8264
2026-08-06 | 腾讯会员 乱收费 套路深 诱导消费 | https://tousu.sina.com.cn/complaint/view/17400565856/?sld=c3d0003a9c4d3f8d05a27ad4216aecb2
2026-08-06 | 腾讯视频自动扣费 | https://tousu.sina.com.cn/complaint/view/17400559664/?sld=4287affdc512a80b46ff735dca69b1aa
2026-08-06 | 没经过允许扣费 | https://tousu.sina.com.cn/complaint/view/17400559459/?sld=d9938a2a9efd115a826bf4e80ebd78ad
2026-08-06 | 苹果腾讯推诿，7月28日腾讯视频重复订单退款咋办 | https://tousu.sina.com.cn/complaint/view/17400556400/?sld=801d7a49956b3c825571eafc36839009
2026-08-06 | 腾讯视频申请退款 | https://tousu.sina.com.cn/complaint/view/17400553296/?sld=ad54a2393a46b92903b0a19fe39ae66e
2026-08-06 | 腾讯视频乱扣费 | https://tousu.sina.com.cn/complaint/view/17400553942/?sld=6eff25b4713ff6529f7df956027d9727
2026-08-06 | 腾讯视频平台面对消费者退费问题拒不解决乱收费 | https://tousu.sina.com.cn/complaint/view/17400553065/?sld=26dc712d7f0817f5dbb5295fcd35378b
2026-08-06 | 深圳市腾讯 | https://tousu.sina.com.cn/complaint/view/17400555247/?sld=949a30f6ad657db67fce399b7fbd1d3e
2026-08-05 | 拍错不予退货 | https://tousu.sina.com.cn/complaint/view/17400551923/?sld=348e6f29e5405580eff54fea7d7e9cbb
2026-08-05 | 腾讯视频自动续费扣费35元，无法联系客服申请退款 | https://tousu.sina.com.cn/complaint/view/17400549062/?sld=6b5849fb159bac2521dba288c938e5c2
2026-08-05 | 腾讯视频收钱不给开会员 | https://tousu.sina.com.cn/complaint/view/17400548860/?sld=a8eb8cd25f3329f4c3c505447aa23f6c
2026-08-05 | 腾讯视频设陷阱强制捆绑消费，要求全额退款！ | https://tousu.sina.com.cn/complaint/view/17400547710/?sld=af982642cb98aceaf8cc728406a3ec6d
2026-08-05 | 腾讯视频 | https://tousu.sina.com.cn/complaint/view/17400546336/?sld=acace5c9de4c620608573c54596b408d
2026-08-05 | 商家以活动规则为由，拒绝待发货确定款商品退款 | https://tousu.sina.com.cn/complaint/view/17400547209/?sld=53fda5f7bb6f5a80eeb1f05d6ea6ff24
2026-08-05 | 腾讯视频不退款 | https://tousu.sina.com.cn/complaint/view/17400546923/?sld=07a20dc72610970a8c88c2bd383e7a8e
2026-08-05 | 腾讯视频SVIP页面嵌套VIP+京东PLUS误导258原VIP28年未升svip | https://tousu.sina.com.cn/complaint/view/17400544224/?sld=5c46f5cdf7a372570b744eb17d5eceee
2026-08-05 | 充值未到账，等待一天没人处理这个事 | https://tousu.sina.com.cn/complaint/view/17400544365/?sld=5655567d16e28f020287d95f6440e2a5
2026-08-05 | 腾讯视频会员自动续费坑人，多番扣费急需退全款 | https://tousu.sina.com.cn/complaint/view/17400545079/?sld=eefed3310250826bc73c86f33f67e4be
2026-08-05 | 腾讯视频消极怠工不处理问题 | https://tousu.sina.com.cn/complaint/view/17400543433/?sld=a70bd1454b7a91a50a90dd1ea8d43c11
2026-08-05 | 腾讯视频 | https://tousu.sina.com.cn/complaint/view/17400543461/?sld=0add65ab8b4904872f30d6ca0f7c9c62
2026-08-05 | 深圳腾讯计算机系统有限公司 | https://tousu.sina.com.cn/complaint/view/17400541162/?sld=76da5107b26b3237d5cdc22decd98ca1
[OK] [采集-黑猫] collect_heimao.py (timeout=2400s) (returncode=0)

===== [解析-黑猫] parse_heimao.py (timeout=300s) =====
窗口: 2026-08-06 10:20:01 ~ 2026-08-07 10:20:01
总候选: 110, 24小时窗口内: 21
2026-08-07 09:51:00 | 自动续费 | 腾讯视频取消自动续费仍扣费，客服推诿，血汗钱遭黑手 | https://tousu.sina.com.cn/complaint/view/17400593484/?sld=6028730629fd60c7d4f0de63b3fdcf72
2026-08-06 22:58:36 | 虚假发货,错发货 | 京东腾讯视频VIP会员旗舰店 | https://tousu.sina.com.cn/complaint/view/17400587494/?sld=8d0e79e849c66d792d33ff58dab364f1
2026-08-06 22:37:16 | 自动续费 | 腾讯视频遭投诉：会员续费忘关，到期未看体验差 | https://tousu.sina.com.cn/complaint/view/17400587022/?sld=41566ea1d58cdae9c9f9073610f81bae
2026-08-06 22:02:22 | 申请退款/提现不到账 | 腾讯视频未观看申请退款 | https://tousu.sina.com.cn/complaint/view/17400586193/?sld=c88786553368fd960e1ef16c0a692ee9
2026-08-06 21:52:45 | 自动续费 | 腾讯视频乱扣费，2025年9月到2026年4月求退钱 | https://tousu.sina.com.cn/complaint/view/17400585967/?sld=184f361aea9ce4e41dee90148b11b287
2026-08-06 21:37:03 | 自动续费 | 腾讯视频自动续费猫腻多，取消退款遇阻盼处理 | https://tousu.sina.com.cn/complaint/view/17400585576/?sld=558b7af56ee7447c83d82eee55ed0771
2026-08-06 20:40:01 | 客服不处理/处理不当,申请退款/提现不到账 | 腾讯视频 | https://tousu.sina.com.cn/complaint/view/17400584056/?sld=622951fabe085b382a45d29a26ab1418
2026-08-06 19:57:43 | 自动续费,乱收费 | 未提醒乱扣费 | https://tousu.sina.com.cn/complaint/view/17400582923/?sld=3ff057aefd04ed9844675cfe6b38f915
2026-08-06 19:30:52 | 扣费 | 自动扣费 | https://tousu.sina.com.cn/complaint/view/17400582221/?sld=58d59361b818a08e14f4d1c48188aaf8
2026-08-06 18:36:46 | 霸王条款 | 腾讯视频 | https://tousu.sina.com.cn/complaint/view/17400580470/?sld=cc717ea645d89044732b7d2a2a6cffb9
2026-08-06 18:35:16 | 自动续费 | 腾讯体育视频 | https://tousu.sina.com.cn/complaint/view/17400580405/?sld=e28c758be48d169aa79debe0a7840872
2026-08-06 17:47:52 | 自动续费 | 自动续费 | https://tousu.sina.com.cn/complaint/view/17400578636/?sld=1234366a97ccd2615cfcb6131b9af10b
2026-08-06 17:44:38 | 账号问题 | 腾讯视频购会员权益缺失，互相推诿，盼退16元全款 | https://tousu.sina.com.cn/complaint/view/17400578509/?sld=5dfa8fc1326e887c1480b64aa95299e3
2026-08-06 17:04:13 | 乱收费,强迫收费 | 腾讯视频借苹果App多扣费用，开通SVIP后仍多扣除一项VIP自动扣费 | https://tousu.sina.com.cn/complaint/view/17400576773/?sld=3fbddceb9558d2568bff8270fa8f52e0
2026-08-06 16:07:32 | 不予退款,服务不到位 | 腾讯视频号小店揽收阶段强行发货，平台误判驳回退款 | https://tousu.sina.com.cn/complaint/view/17400574041/?sld=5dbdaecd8cc8cc9df244f38ce5cbb780
2026-08-06 15:33:07 | 自动续费,强迫收费 | 腾讯视频：已关自动续费仍扣费，年费会员退款诉求来 | https://tousu.sina.com.cn/complaint/view/17400572367/?sld=cc8a58198ab20e5a0125a28b43a9af21
2026-08-06 15:05:26 | 客服不处理/处理不当,乱收费 | 平台展示失效剧集诱导充值，拒绝退还会员费用 27元 | https://tousu.sina.com.cn/complaint/view/17400571022/?sld=a134174a4b7701dad43d4fb0c9cdddeb
2026-08-06 14:43:06 | 自动续费,申请退款/提现不到账,霸王条款 | 霸王条款，会员不退费 | https://tousu.sina.com.cn/complaint/view/17400570004/?sld=5a846380ff145917da4b706d43ee8264
2026-08-06 13:00:09 | 自动续费,强迫收费,乱收费,服务不到位/态度差,虚假/误导宣传 | 腾讯会员 乱收费 套路深 诱导消费 | https://tousu.sina.com.cn/complaint/view/17400565856/?sld=c3d0003a9c4d3f8d05a27ad4216aecb2
2026-08-06 10:39:45 | 自动续费 | 腾讯视频自动扣费 | https://tousu.sina.com.cn/complaint/view/17400559664/?sld=4287affdc512a80b46ff735dca69b1aa
2026-08-06 10:34:52 | 强迫收费 | 没经过允许扣费 | https://tousu.sina.com.cn/complaint/view/17400559459/?sld=d9938a2a9efd115a826bf4e80ebd78ad
[OK] [解析-黑猫] parse_heimao.py (timeout=300s) (returncode=0)

===== [采集-小红书] collect_xhs.py (timeout=2400s) =====
腾讯视频 ERROR Page.goto: Timeout 25000ms exceeded.
Call log:
  - navigating to "https://www.xiaohongshu.com/search_result?keyword=%E8%85%BE%E8%AE%AF%E8%A7%86%E9%A2%91", waiting until "domcontentloaded"

腾讯视频 卡顿 -> anchors: 0
腾讯视频 闪退 -> anchors: 0
腾讯视频 崩了 -> anchors: 0
腾讯视频 崩溃 -> anchors: 0
腾讯视频 黑屏 -> anchors: 0
腾讯视频 白屏 -> anchors: 0
腾讯视频 花屏 -> anchors: 0
腾讯视频 绿屏 -> anchors: 0
腾讯视频 无法播放 -> anchors: 0
腾讯视频 看不了 -> anchors: 0
腾讯视频 加载不出来 -> anchors: 0
腾讯视频 缓冲 -> anchors: 0
腾讯视频 打不开 -> anchors: 0
腾讯视频 点不开 -> anchors: 0
腾讯视频 没声音 -> anchors: 0
腾讯视频 音画不同步 -> anchors: 0
腾讯视频 报错 -> anchors: 0
腾讯视频 错误 -> anchors: 0
腾讯视频 异常 -> anchors: 0
腾讯视频 闪屏 -> anchors: 0
腾讯视频 死机 -> anchors: 0
腾讯视频 无法登录 -> anchors: 0
腾讯视频 登录不上 -> anchors: 0
腾讯视频 登录过期 -> anchors: 0
腾讯视频 一直转圈 -> anchors: 0
腾讯视频 卡住 -> anchors: 0
腾讯视频 失效 -> anchors: 0
腾讯视频 无响应 -> anchors: 0
[失败] [采集-小红书] collect_xhs.py (timeout=2400s) (returncode=-9)

===== [筛选-小红书候选] filter_xhs_candidates.py (timeout=300s) =====
小红书候选初筛: 原始 450 条 -> 候选 46 条(上限80)
[OK] [筛选-小红书候选] filter_xhs_candidates.py (timeout=300s) (returncode=0)

===== [核实-小红书正文] verify_xhs.py (timeout=300s) =====
=== 6a6b43ab0000000027023a02 OK
title: 腾讯视频吃相太难看
date_text: 7天前 四川
desc: 冲着宣传的可享10台设备累计播放、4台设备同时播放充了svip家庭年卡，可当你充了两天以后又一言不合的永久冻结了账号，没有任何提醒和告知，消费者的权益就这么被无情的践踏吗？
#腾讯 #腾讯视频 #腾讯视频年卡
=== 69b7ba41000000001a02d27c OK
title: 腾讯视频APP闪退
date_text: 03-16
desc: @腾讯视频 这是啥情况
卸载了重新下也不行
=== 69b7b9f100000000230215b0 OK
title: 腾讯视频是崩了么
date_text: 03-16
desc: 怎么一打开一直在闪退啊 看不了逐玉好着急 手机和平板上的都是打不开 卸载了重现下还是闪退进不了app啊
=== 69b7bd43000000002200d572 OK
title: 腾讯视频崩了吗？
date_text: 03-16
desc: #腾讯视频 我想看电视，看逐玉看纯真年代的爱情，妈的，一直给我闪退，根本点不进去
=== 6a5b4adb000000001101c41a OK
title: 腾讯视频吃相不要太难看
date_text: 07-18 北京
desc: @腾讯视频 开了VIP凭什么不能在两台设备同时观看？只有两台设备又不是8台🙄🙄🙄
#不要脸能到什么程度
=== 656feef600000000380276ea OK
title: 腾讯视频服务器崩了，你知道原因吗
date_text: 2023-12-06
desc: 
=== 6a3b6e42000000000f017173 OK
title: 腾讯视频太恶心人了
date_text: 06-24
desc: 暂停有广告就算了，不小心晃动一下直接跳到别的界面，好恶心#腾讯视频
=== 6a1da0df00000000370367be OK
title: 这个腾讯视频真恶心
date_text: 06-01
desc: #腾讯视频 这个腾讯视频不是一般的恶心 就登录一个iPad和手机都不可以，只可以同时登一个设备
=== 6a0ab9360000000008031e2e OK
title: 腾讯视频黑屏怎么处理
date_text: 05-18
desc: 用了快一年，才发现居然摄像头是有盖子的。
品牌是联想小新
=== 69eade8e000000001f031001 OK
title: 腾讯视频太恶心了！腾讯一生黑！
date_text: 04-24
desc: 强制用户更新，不更新强制退出！更新后所有视频没了，偷流量！强制删除你视频！同样的视频D盘瞬间给我干满！#腾讯视频 #恶心 #腾讯视频下载 #垃圾腾讯不做人 #腾讯视频强制更新 #差劲 #腾讯视频偷流量 #偷跑流量
=== 69f8902d000000001f001f6c OK
title: 腾讯视频崩了？
date_text: 05-04
desc: 还是我腾讯视频突然坏掉了？？打开好几次都这样，更新软件也不行😓
	
大家有类似的情况么？#腾讯视频 #腾讯崩了 #腾讯 #APP坏了 #坏软件 #腾讯视频vip
=== 69e9d5a3000000001f031806 OK
title: 腾讯客服棒棒的！
date_text: 04-23
desc: 还有一次！使用「腾讯视频」时，遇到了「购买的超前点播权益无法正常使用，一直提示未开通」的问题，事发时特别窘迫，本来想追剧放松一下，结果被搞得很烦躁。
联系腾讯客服后，客服一步步带着我检查账号登录状态、订单记录和设备权限，全程都很有耐心，没有一点不耐烦，还帮我申请了临时的补偿权益。最后问题顺利解决，终
=== 6987fc5f000000001a033af5 OK
title: 腾讯视频吃相太难看了
date_text: 02-08
desc: 两个号都不能同时播放？
恶心🤮#别影响我看剧的心情 #腾讯视频 @腾讯视频
这样营销运营以后谁还充你们家会员
=== 689bf271000000001d025577 OK
title: 腾讯投屏真恶心
date_text: 2025-08-13
desc: 我手机上的腾讯视频是有VIP的，还是有八年了，我就想把视频投到电视上看，我每次投到电视上都会自动跳转到极光tv里，如果能直接看我也不说啥了，但是极光tv只让看5分钟，意思是就必须得开通电视的VIP呗
如果真是这样，那我连手机VIP都不想开通了
芒果tv就不会这样
不明白为什么要这样搞，用户体验真的很
=== 66f780a5000000001b0223a0 OK
title: 腾讯视频是真垃圾啊
date_text: 2024-09-28
desc: 腾讯视频，你是真拉啊
想看漫长的季节，充了腾讯视频会员，一点开四种会员让我选，给我整懵了，了解了一下，充了一个月vip，开始看，4k画质下有些画面会一卡一卡，应该是帧率没统一上，我寻思客户端是不是好一点，下了客户端，我的个老天爷啊，客户端的sdr是假的，画面暗部暗不下去，发灰。网页版就没有这个问题，
=== 69bf2722000000001a035ce5 OK
title: 腾讯视频吃相也太难看了吧
date_text: 03-22
desc: 第一次见到vip只能看模糊的，下次建议出个SVIP pro#影视会员 #腾讯视频会员
=== 6a6ca5a400000000280069c5 OK
title: 投诉腾讯草地地球超新鲜
date_text: 编辑于 6天前 北京
desc: 避雷这个腾讯，在手机型号完全不足的情况下，毫无解决问题的办法，给与消费者重抽的权利就是选择不要不喜欢的，凭什么因为你们的问题去剥夺消费者的福利和权？？？！！！
@腾讯视频 @腾讯 @腾讯草场地get好物 @腾讯视频GOODS @腾讯视频官方旗舰店 @腾讯娱乐 #请大家引以为戒 #看见的过来评评理吧 
=== 689dd7a6000000001d0373d5 OK
title: 腾讯视频下载好的为啥看不了啊
date_text: 2025-08-14
desc: 已经连了VPN了，准备上飞机看的，现在下载好了说没有播放权限有没有小伙伴也遇到这个问题的，可以一起找一下解决办法
#腾讯视频
=== 6a6eed01000000000801014b OK
title: 腾讯视频闪退怎么办啊
date_text: 4天前 安徽
desc: 一直闪退，一个脱口秀都闪退好几遍，HD版本的一直闪退，我没办法卸载了，装了普通版本的，结果还是闪退
一个演员的段子都看不完整
怎么办啊，有没有解决办法
=== 68d220500000000013008309 OK
title: 为什么腾讯视频看藏海花总是突然黑屏几秒钟
date_text: 2025-09-23
desc: #藏海花
=== 69ca7b1c000000001d01a9b6 OK
title: 海外看不了腾讯视频怎么办？
date_text: 编辑于 04-01
desc: 腾讯视频今天最新更新的吞噬星空。以及仙逆还有没有收看的小伙伴赶紧去收看，如果有看不了的小伙伴的话，我把办法放在P3了。#腾讯视频 #海外生活 #留学 #留学生
=== 68779ee90000000012033655 OK
title: 腾讯吃相不要太难看
date_text: 2025-07-16
desc: 刚充了VIP结果SVIP才能看这个页面还不能截屏
#观众的命也是命 #影视会员 #腾讯#战至巅峰4 #会员 #爱官方大大求热门
=== 6a085a4f00000000070235c8 OK
title: 高价买糟心！腾讯视频直接黑屏，品控优化
date_text: 05-16
desc: 看个腾讯视频都能黑屏，官方难道不做基础测试就敢发售？合着把消费者当免费试验品是吧！价格一点不便宜，体验却这么拉胯。
=== 6a4e11b30000000020038f49 OK
title: 腾讯打不开
date_text: 07-08 湖北
desc: 腾讯怎么了#腾讯视频出问题
=== 6a36864c000000000803fbcc OK
title: 腾讯吃相太难看了
date_text: 06-20
desc: 用svip看最新的一集结果卡的不行！#腾讯 #腾讯视频 #腾讯svip #腾讯会员 #追剧 #观众的命也是命
=== 67d2865f000000000d0163e2 OK
title: 腾讯吃相太难看
date_text: 2025-03-13
desc: 刚买完点映礼就这样，其他SVIP视频也看不了了，白花钱了呗？我再也不会买腾讯的点映礼了，拿消费者当冤大头。腾讯，路转黑。#腾讯视频#限制登录#点映礼看不了#封号 #你觉得腾讯这样合理吗 [PK]#
=== 6a7335d2000000002803286a OK
title: 腾讯视频登录不上🌚
date_text: 1天前 河南
desc: 有没有小伙伴知道为什么电脑上腾讯视频登录不上，一直是这个界面反应不过来
	
#我的不完美料理 #影视会员 #win11 #腾讯视频
=== 681e202a000000002300d993 OK
title: 腾讯视频吃相真难看
date_text: 2025-05-09
desc: 追剧正开心呢，到家就想换个屏幕大一点的设备，用电脑打开一看，呵，播不了，我的账号就只有在我自己的手机跟电脑登录了，就这都播不了非要我等15分钟，或者是开通SVIP，我请问呢，现在腾讯吃相这么难看了吗！！！#腾讯 #腾讯会员 #我不能理解 #影视会员 #我真的不理解
=== 6762bf55000000001301826f OK
title: 腾讯在干嘛为什么看不了？
date_text: 2024-12-18
desc: 你猜我为什么下载？为什么不给我看？我会员难道到期了吗？为什么不给我看啊啊啊啊啊啊啊啊死腾讯#腾讯视频 #腾讯视频会员 #腾讯看不了 #腾讯视频看不了缓存 #死腾讯
=== 66002a19000000001400468f OK
title: 腾讯视频骗钱！
date_text: 2024-03-24
desc: 腾讯要死 不知道为何其他电视剧都是秒加载
就是这个小日子一直加载不出来！！什么原因啊 骗钱啊！！先是给钱买了svip 今天晚上又花了15块买了点映礼 结果一个p都看不了！！加载了一个小时都不行！！不是网络问题！！加载与凤行10mb每秒的！！就是腾讯拿这个小日子来骗钱#小日子#腾讯视频骗钱
=== 67c46af6000000000602b1c2 OK
title: 腾讯给我退钱
date_text: 2025-03-02
desc: 登陆了会员一直显示加载不出来，退出登陆之后点开就显示画面了，那我开通会员干嘛，放在那里当摆设？？#影视会员 #坑死了坑死了 #退钱
=== 6914755200000000070217c4 OK
title: 有没有用华为笔记本的，腾讯视频打不开
date_text: 编辑于 2025-11-12
desc: 天天都打不开，无语了。每天要重新下载一遍
=== 6a5f3ae3000000000402ae2d OK
title: 腾讯视频自动续费成功退款
date_text: 07-21 河南
desc: 没有收到通知提醒就直接自动续费了，在小红书搜了维权教程结果投诉无果，发现简单快捷的方式，十分钟不到就成功退款了！！
p1：扣款截图
p2：按照小红书维权教程开始投诉
p3：腾讯客服投诉
p4：得到回复，拒绝退款
p5：持续投诉，已经没有任何回复了
❗正确操作过程：
p6：打开腾讯视频app，个人中心
=== 681a0d95000000002300cbba OK
title: 腾讯真是越来越恶心人啦啊
date_text: 2025-05-06
desc: #腾讯视频播放限制
因为在出差，几天都用手机播放，今天忽然想用电脑看个电视剧，结果就被限制了
说vip只能限制在三台设备上用，我明明只在手机和电脑、电视上登过，而且也没有同时播放。
直接还把我限制了，无语ヽ（・＿・；)ノ
还告知我升级才能播放，强制我升成svip嘛？这就有点强买强卖的意思了啊，侵犯我
=== 68afc21e000000001d017576 OK
title: 腾讯视频打不开锦月如歌了！！！
date_text: 2025-08-28
desc: #腾讯视频#锦月如歌 #视频播放故障
真的好奇怪，偏偏就打不开锦月如歌（图1），就一直转圈转圈转圈，清理播放记录、退出重进、开关机都试过，还是老样子
	
特意试了其他视频，基本上都没问题，这是被针对了吗
	
这到底是怎么回事啊！有大佬能解答？
=== 688b961e0000000023022a45 OK
title: 腾讯视频怎么能这么恶心？！
date_text: 2025-08-01
desc: 这不就是直接封号七天？设备移除了也不能用，主设备也不能用，视频也不能看！那不直接就是七天白充vip吗？！不直接就是逼人升级svip吗！！什么垃圾流氓app！还没有地方举报/投诉/修改，还我钱！！#腾讯视频 #垃圾软件
=== 681b4458000000002101995a OK
title: 腾讯吃相太难看了！
date_text: 2025-05-07
desc: 看别人早就吐槽过了 但是还是忍不住再吐槽一下！登陆一个手机一个平板，手机没电了，准备到平板上看！就说我账号异常了，深井冰啊😅😅#我真的不理解 #腾讯 #vip
=== 69ae9c73000000002603c57f OK
title: 腾讯视频发声认错(仅为页面展示错误)
date_text: 03-09
desc: 腾讯视频刚刚发声明出来认错了说是仅为页面展示错误，不影响站内外显示数据 。
=== 69af78a3000000001a01d148 OK
title: 腾讯视频就数据错误致歉!
date_text: 03-10
desc: 3月9日,腾讯视频因为电视剧《逐玉》的收视数据问题登上热搜。有用户发现,自己从未观看过该剧,却出现了观看记录。舆论哗然:难道是刷量造假?腾讯视频紧急回应称,经排查为页面展示错误,非真实播放记录,不影响站内外数据。官方就此致歉。但这个解释能让人信服吗?一个成熟的视频平台,出现如此低级的数据展示错误,本
=== 6a19783d000000003501fc3d OK
title: 腾讯视频投诉妙啊
date_text: 编辑于 05-29
desc: 充了会员，邮件显示到账，结果进号一看没会员。
申诉以后跟我说72小时回复，结果超时不回复。
在投诉结果有实时客服？
还找我要验证码？
我没给 你也查到我信息了啊
腾讯好样的
#影视会员 #维护自己的权益 #腾讯视频
=== 69aeb3a6000000001d025d55 OK
title: 腾讯视频回应播放异常
date_text: 03-09
desc: #腾讯视频#腾讯视频回应播放异常
=== 68960960000000002501a17a OK
title: 腾讯视频VIP完全无法维权！！
date_text: 2025-08-08
desc: 腾讯视频VIP争议
1. 只以自动续费算老用户，否则啥时候充就是新会员。只能登录3台设备，且只能同时在线一台。我17年开始一直购买年卡，至今已经8年， 腾讯客服表示我是“老用户”“新会员” （文字游戏玩得六六的）
2. 账号已有3台设备（我的iPhone ipad和安卓机）登录，只要尝试扫码第4台就
=== 68cd106f0000000012022eb2 OK
title: 腾讯有活人客服吗？
date_text: 2025-09-19
desc: 在电视端购买的svip，是手机号的方式登录的，在手机app上用同一手机号登录为啥一直显示没有会员？
想找客服查询处理一下难如登天 电话公众号无一人工客服 太厉害了 最会踢皮球的售后服务#腾讯视频 #腾讯客服人工
=== 691469bd000000000d034e61 OK
title: 腾讯视频你怎么回事，账号异常注销了都没用
date_text: 2025-11-12
desc: 我就想抢个云包场一直异常，换手机都不行，前几天注销了手机和绑定的，现在重新登录还是不行#腾讯视频 #腾讯视频会员 #云包场腾讯
=== 6a426429000000000f0143a9 OK
title: 腾讯这操作真恶心～
date_text: 编辑于 06-29
desc: 之前每天更2集，上周开始每天更一集，现在直接来什么付费礼包，吃相真“好看”！#追剧
=== 6a2217250000000007020069 OK
title: 有没有人知道，腾讯的人工客服是不是都死了
date_text: 06-05
desc: 
[OK] [核实-小红书正文] verify_xhs.py (timeout=300s) (returncode=0)

===== [解析-小红书窗口] parse_xhs.py (timeout=300s) =====
窗口: 2026-07-31 10:20:01 ~ 2026-08-07 10:20:01
小红书核实 46 条 -> 24h 窗口内 4 条
[OK] [解析-小红书窗口] parse_xhs.py (timeout=300s) (returncode=0)

===== [构建] build_datasource.py =====
[历史] 已自动整合当日记录 -> 2026-08-07 10:20（每日自动整合） | P0/P1/P2=0/3/7 情感 pos/neu/neg=231/293/79 total(neg)=79 (历史累计 18 条)
本次共采集: 3073 | 符合情感色彩: 603 (neg 79 /pos 231 /neu 293 ) | 非情感色彩剔除: 2470 (窗口外 2399 /重复 52 /竞品无关 7 /广告控评 4 )
平台明细  微博:588/(54neg 231pos 293neu)  豆瓣:1/(0neg 0pos 0neu)  小红书:4/(4neg 0pos 0neu)  黑猫:21/(21neg 0pos 0neu) (采集/情感细分)
events P0/P1/P2: 0 3 7 | risk_history: 18
written: /Users/xiaoma/CodeBuddy/20260714104056/weibo-sentiment-monitor/datasource.json
[OK] [构建] build_datasource.py (returncode=0)

----- 各步骤结果 -----
  ✓ 采集-微博通用
  ✓ 采集-微博剧综
  ✓ 解析-微博通用
  ✓ 解析-微博剧综
  ✓ 采集-豆瓣
  ✓ 解析-豆瓣
  ✓ 采集-黑猫
  ✓ 解析-黑猫
  ✗ 采集-小红书
  ✓ 筛选-小红书候选
  ✓ 核实-小红书正文
  ✓ 解析-小红书窗口

===== [发布] 部署到 OA Pages 网站 =====
[OA Pages] 更新成功: https://txvideo-sentiment.pages.woa.com

===== [推送] 企业微信群通知 =====
   企业微信推送成功 ✅

===== [提交] git 提交本轮产物 =====
    git push origin main 成功 ✅

[完成] 数据已发布到 OA Pages 网站，并在企业微信推送通知。
